0 verbose cli C:\Program Files\nodejs\node.exe C:\Program Files\nodejs\node_modules\npm\bin\npm-cli.js
1 info using npm@10.8.2
2 info using node@v20.20.0
3 silly config load:file:C:\Program Files\nodejs\node_modules\npm\npmrc
4 silly config load:file:C:\Users\SecurityManager\Desktop\tstplotconnect\frontend-user\.npmrc
5 silly config load:file:C:\Users\SecurityManager\.npmrc
6 silly config load:file:C:\Users\SecurityManager\AppData\Roaming\npm\etc\npmrc
7 verbose title npm install
8 verbose argv "install" "--cache" ".npm-cache"
9 verbose logfile logs-max:10 dir:C:\Users\SecurityManager\Desktop\tstplotconnect\frontend-user\.npm-cache\_logs\2026-05-07T09_24_57_880Z-
10 verbose logfile C:\Users\SecurityManager\Desktop\tstplotconnect\frontend-user\.npm-cache\_logs\2026-05-07T09_24_57_880Z-debug-0.log
11 silly packumentCache heap:2197815296 maxSize:549453824 maxEntrySize:274726912
12 silly logfile done cleaning log files
13 http fetch GET https://registry.npmjs.org/npm attempt 1 failed with EACCES
14 silly idealTree buildDeps
15 silly reify mark retired [
15 silly reify   'C:\\Users\\SecurityManager\\Desktop\\tstplotconnect\\frontend-user\\node_modules\\acorn-jsx'
15 silly reify ]
16 silly reify mark retired [
16 silly reify   'C:\\Users\\SecurityManager\\Desktop\\tstplotconnect\\frontend-user\\node_modules\\ajv'
16 silly reify ]
17 silly reify mark retired [
17 silly reify   'C:\\Users\\SecurityManager\\Desktop\\tstplotconnect\\frontend-user\\node_modules\\ansi-styles'
17 silly reify ]
18 silly reify mark retired [
18 silly reify   'C:\\Users\\SecurityManager\\Desktop\\tstplotconnect\\frontend-user\\node_modules\\aria-query'
18 silly reify ]
19 silly reify mark retired [
19 silly reify   'C:\\Users\\SecurityManager\\Desktop\\tstplotconnect\\frontend-user\\node_modules\\array-buffer-byte-length'
19 silly reify ]
20 silly reify mark retired [
20 silly reify   'C:\\Users\\SecurityManager\\Desktop\\tstplotconnect\\frontend-user\\node_modules\\array-includes'
20 silly reify ]
21 silly reify mark retired [
21 silly reify   'C:\\Users\\SecurityManager\\Desktop\\tstplotconnect\\frontend-user\\node_modules\\array.prototype.findlast'
21 silly reify ]
22 silly reify mark retired [
22 silly reify   'C:\\Users\\SecurityManager\\Desktop\\tstplotconnect\\frontend-user\\node_modules\\array.prototype.findlastindex'
22 silly reify ]
23 silly reify mark retired [
23 silly reify   'C:\\Users\\SecurityManager\\Desktop\\tstplotconnect\\frontend-user\\node_modules\\array.prototype.flat'
23 silly reify ]
24 silly reify mark retired [
24 silly reify   'C:\\Users\\SecurityManager\\Desktop\\tstplotconnect\\frontend-user\\node_modules\\array.prototype.flatmap'
24 silly reify ]
25 silly reify mark retired [
25 silly reify   'C:\\Users\\SecurityManager\\Desktop\\tstplotconnect\\frontend-user\\node_modules\\arraybuffer.prototype.slice'
25 silly reify ]
26 silly reify mark retired [
26 silly reify   'C:\\Users\\SecurityManager\\Desktop\\tstplotconnect\\frontend-user\\node_modules\\array.prototype.tosorted'
26 silly reify ]
27 silly reify mark retired [
27 silly reify   'C:\\Users\\SecurityManager\\Desktop\\tstplotconnect\\frontend-user\\node_modules\\ast-types-flow'
27 silly reify ]
28 silly reify mark retired [
28 silly reify   'C:\\Users\\SecurityManager\\Desktop\\tstplotconnect\\frontend-user\\node_modules\\async-function'
28 silly reify ]
29 silly reify mark retired [
29 silly reify   'C:\\Users\\SecurityManager\\Desktop\\tstplotconnect\\frontend-user\\node_modules\\available-typed-arrays'
29 silly reify ]
30 silly reify mark retired [
30 silly reify   'C:\\Users\\SecurityManager\\Desktop\\tstplotconnect\\frontend-user\\node_modules\\axe-core'
30 silly reify ]
31 silly reify mark retired [
31 silly reify   'C:\\Users\\SecurityManager\\Desktop\\tstplotconnect\\frontend-user\\node_modules\\axobject-query'
31 silly reify ]
32 silly reify mark retired [
32 silly reify   'C:\\Users\\SecurityManager\\Desktop\\tstplotconnect\\frontend-user\\node_modules\\call-bind'
32 silly reify ]
33 silly reify mark retired [
33 silly reify   'C:\\Users\\SecurityManager\\Desktop\\tstplotconnect\\frontend-user\\node_modules\\call-bound'
33 silly reify ]
34 silly reify mark retired [
34 silly reify   'C:\\Users\\SecurityManager\\Desktop\\tstplotconnect\\frontend-user\\node_modules\\callsites'
34 silly reify ]
35 silly reify mark retired [
35 silly reify   'C:\\Users\\SecurityManager\\Desktop\\tstplotconnect\\frontend-user\\node_modules\\caniuse-lite'
35 silly reify ]
36 silly reify mark retired [
36 silly reify   'C:\\Users\\SecurityManager\\Desktop\\tstplotconnect\\frontend-user\\node_modules\\chalk'
36 silly reify ]
37 silly reify mark retired [
37 silly reify   'C:\\Users\\SecurityManager\\Desktop\\tstplotconnect\\frontend-user\\node_modules\\client-only'
37 silly reify ]
38 silly reify mark retired [
38 silly reify   'C:\\Users\\SecurityManager\\Desktop\\tstplotconnect\\frontend-user\\node_modules\\color-convert'
38 silly reify ]
39 silly reify mark retired [
39 silly reify   'C:\\Users\\SecurityManager\\Desktop\\tstplotconnect\\frontend-user\\node_modules\\color-name'
39 silly reify ]
40 silly reify mark retired [
40 silly reify   'C:\\Users\\SecurityManager\\Desktop\\tstplotconnect\\frontend-user\\node_modules\\csstype'
40 silly reify ]
41 silly reify mark retired [
41 silly reify   'C:\\Users\\SecurityManager\\Desktop\\tstplotconnect\\frontend-user\\node_modules\\damerau-levenshtein'
41 silly reify ]
42 silly reify mark retired [
42 silly reify   'C:\\Users\\SecurityManager\\Desktop\\tstplotconnect\\frontend-user\\node_modules\\data-view-buffer'
42 silly reify ]
43 silly reify mark retired [
43 silly reify   'C:\\Users\\SecurityManager\\Desktop\\tstplotconnect\\frontend-user\\node_modules\\data-view-byte-length'
43 silly reify ]
44 silly reify mark retired [
44 silly reify   'C:\\Users\\SecurityManager\\Desktop\\tstplotconnect\\frontend-user\\node_modules\\data-view-byte-offset'
44 silly reify ]
45 silly reify mark retired [
45 silly reify   'C:\\Users\\SecurityManager\\Desktop\\tstplotconnect\\frontend-user\\node_modules\\deep-is'
45 silly reify ]
46 silly reify mark retired [
46 silly reify   'C:\\Users\\SecurityManager\\Desktop\\tstplotconnect\\frontend-user\\node_modules\\define-data-property'
46 silly reify ]
47 silly reify mark retired [
47 silly reify   'C:\\Users\\SecurityManager\\Desktop\\tstplotconnect\\frontend-user\\node_modules\\define-properties'
47 silly reify ]
48 silly reify mark retired [
48 silly reify   'C:\\Users\\SecurityManager\\Desktop\\tstplotconnect\\frontend-user\\node_modules\\doctrine'
48 silly reify ]
49 silly reify mark retired [
49 silly reify   'C:\\Users\\SecurityManager\\Desktop\\tstplotconnect\\frontend-user\\node_modules\\es-abstract'
49 silly reify ]
50 silly reify mark retired [
50 silly reify   'C:\\Users\\SecurityManager\\Desktop\\tstplotconnect\\frontend-user\\node_modules\\emoji-regex'
50 silly reify ]
51 silly reify mark retired [
51 silly reify   'C:\\Users\\SecurityManager\\Desktop\\tstplotconnect\\frontend-user\\node_modules\\es-iterator-helpers'
51 silly reify ]
52 silly reify mark retired [
52 silly reify   'C:\\Users\\SecurityManager\\Desktop\\tstplotconnect\\frontend-user\\node_modules\\es-shim-unscopables'
52 silly reify ]
53 silly reify mark retired [
53 silly reify   'C:\\Users\\SecurityManager\\Desktop\\tstplotconnect\\frontend-user\\node_modules\\es-to-primitive'
53 silly reify ]
54 silly reify mark retired [
54 silly reify   'C:\\Users\\SecurityManager\\Desktop\\tstplotconnect\\frontend-user\\node_modules\\escape-string-regexp'
54 silly reify ]
55 silly reify mark retired [
55 silly reify   'C:\\Users\\SecurityManager\\Desktop\\tstplotconnect\\frontend-user\\node_modules\\eslint'
55 silly reify ]
56 silly reify mark retired [
56 silly reify   'C:\\Users\\SecurityManager\\Desktop\\tstplotconnect\\frontend-user\\node_modules\\eslint-config-next'
56 silly reify ]
57 silly reify mark retired [
57 silly reify   'C:\\Users\\SecurityManager\\Desktop\\tstplotconnect\\frontend-user\\node_modules\\eslint-import-resolver-node'
57 silly reify ]
58 silly reify mark retired [
58 silly reify   'C:\\Users\\SecurityManager\\Desktop\\tstplotconnect\\frontend-user\\node_modules\\eslint-import-resolver-typescript'
58 silly reify ]
59 silly reify mark retired [
59 silly reify   'C:\\Users\\SecurityManager\\Desktop\\tstplotconnect\\frontend-user\\node_modules\\eslint-module-utils'
59 silly reify ]
60 silly reify mark retired [
60 silly reify   'C:\\Users\\SecurityManager\\Desktop\\tstplotconnect\\frontend-user\\node_modules\\eslint-plugin-import'
60 silly reify ]
61 silly reify mark retired [
61 silly reify   'C:\\Users\\SecurityManager\\Desktop\\tstplotconnect\\frontend-user\\node_modules\\eslint-plugin-jsx-a11y'
61 silly reify ]
62 silly reify mark retired [
62 silly reify   'C:\\Users\\SecurityManager\\Desktop\\tstplotconnect\\frontend-user\\node_modules\\eslint-plugin-react'
62 silly reify ]
63 silly reify mark retired [
63 silly reify   'C:\\Users\\SecurityManager\\Desktop\\tstplotconnect\\frontend-user\\node_modules\\eslint-plugin-react-hooks'
63 silly reify ]
64 silly reify mark retired [
64 silly reify   'C:\\Users\\SecurityManager\\Desktop\\tstplotconnect\\frontend-user\\node_modules\\eslint-scope'
64 silly reify ]
65 silly reify mark retired [
65 silly reify   'C:\\Users\\SecurityManager\\Desktop\\tstplotconnect\\frontend-user\\node_modules\\eslint-visitor-keys'
65 silly reify ]
66 silly reify mark retired [
66 silly reify   'C:\\Users\\SecurityManager\\Desktop\\tstplotconnect\\frontend-user\\node_modules\\espree'
66 silly reify ]
67 silly reify mark retired [
67 silly reify   'C:\\Users\\SecurityManager\\Desktop\\tstplotconnect\\frontend-user\\node_modules\\esquery'
67 silly reify ]
68 silly reify mark retired [
68 silly reify   'C:\\Users\\SecurityManager\\Desktop\\tstplotconnect\\frontend-user\\node_modules\\esrecurse'
68 silly reify ]
69 silly reify mark retired [
69 silly reify   'C:\\Users\\SecurityManager\\Desktop\\tstplotconnect\\frontend-user\\node_modules\\fast-glob'
69 silly reify ]
70 silly reify mark retired [
70 silly reify   'C:\\Users\\SecurityManager\\Desktop\\tstplotconnect\\frontend-user\\node_modules\\fast-json-stable-stringify'
70 silly reify ]
71 silly reify mark retired [
71 silly reify   'C:\\Users\\SecurityManager\\Desktop\\tstplotconnect\\frontend-user\\node_modules\\fast-levenshtein'
71 silly reify ]
72 silly reify mark retired [
72 silly reify   'C:\\Users\\SecurityManager\\Desktop\\tstplotconnect\\frontend-user\\node_modules\\file-entry-cache'
72 silly reify ]
73 silly reify mark retired [
73 silly reify   'C:\\Users\\SecurityManager\\Desktop\\tstplotconnect\\frontend-user\\node_modules\\find-up'
73 silly reify ]
74 silly reify mark retired [
74 silly reify   'C:\\Users\\SecurityManager\\Desktop\\tstplotconnect\\frontend-user\\node_modules\\flat-cache'
74 silly reify ]
75 silly reify mark retired [
75 silly reify   'C:\\Users\\SecurityManager\\Desktop\\tstplotconnect\\frontend-user\\node_modules\\flatted'
75 silly reify ]
76 silly reify mark retired [
76 silly reify   'C:\\Users\\SecurityManager\\Desktop\\tstplotconnect\\frontend-user\\node_modules\\for-each'
76 silly reify ]
77 silly reify mark retired [
77 silly reify   'C:\\Users\\SecurityManager\\Desktop\\tstplotconnect\\frontend-user\\node_modules\\function.prototype.name'
77 silly reify ]
78 silly reify mark retired [
78 silly reify   'C:\\Users\\SecurityManager\\Desktop\\tstplotconnect\\frontend-user\\node_modules\\functions-have-names'
78 silly reify ]
79 silly reify mark retired [
79 silly reify   'C:\\Users\\SecurityManager\\Desktop\\tstplotconnect\\frontend-user\\node_modules\\generator-function'
79 silly reify ]
80 silly reify mark retired [
80 silly reify   'C:\\Users\\SecurityManager\\Desktop\\tstplotconnect\\frontend-user\\node_modules\\get-symbol-description'
80 silly reify ]
81 silly reify mark retired [
81 silly reify   'C:\\Users\\SecurityManager\\Desktop\\tstplotconnect\\frontend-user\\node_modules\\glob-parent'
81 silly reify ]
82 silly reify mark retired [
82 silly reify   'C:\\Users\\SecurityManager\\Desktop\\tstplotconnect\\frontend-user\\node_modules\\globals'
82 silly reify ]
83 silly reify mark retired [
83 silly reify   'C:\\Users\\SecurityManager\\Desktop\\tstplotconnect\\frontend-user\\node_modules\\globalthis'
83 silly reify ]
84 silly reify mark retired [
84 silly reify   'C:\\Users\\SecurityManager\\Desktop\\tstplotconnect\\frontend-user\\node_modules\\has-bigints'
84 silly reify ]
85 silly reify mark retired [
85 silly reify   'C:\\Users\\SecurityManager\\Desktop\\tstplotconnect\\frontend-user\\node_modules\\has-flag'
85 silly reify ]
86 silly reify mark retired [
86 silly reify   'C:\\Users\\SecurityManager\\Desktop\\tstplotconnect\\frontend-user\\node_modules\\has-property-descriptors'
86 silly reify ]
87 silly reify mark retired [
87 silly reify   'C:\\Users\\SecurityManager\\Desktop\\tstplotconnect\\frontend-user\\node_modules\\has-proto'
87 silly reify ]
88 silly reify mark retired [
88 silly reify   'C:\\Users\\SecurityManager\\Desktop\\tstplotconnect\\frontend-user\\node_modules\\hasown'
88 silly reify ]
89 silly reify mark retired [
89 silly reify   'C:\\Users\\SecurityManager\\Desktop\\tstplotconnect\\frontend-user\\node_modules\\ignore'
89 silly reify ]
90 silly reify mark retired [
90 silly reify   'C:\\Users\\SecurityManager\\Desktop\\tstplotconnect\\frontend-user\\node_modules\\import-fresh'
90 silly reify ]
91 silly reify mark retired [
91 silly reify   'C:\\Users\\SecurityManager\\Desktop\\tstplotconnect\\frontend-user\\node_modules\\imurmurhash'
91 silly reify ]
92 silly reify mark retired [
92 silly reify   'C:\\Users\\SecurityManager\\Desktop\\tstplotconnect\\frontend-user\\node_modules\\internal-slot'
92 silly reify ]
93 silly reify mark retired [
93 silly reify   'C:\\Users\\SecurityManager\\Desktop\\tstplotconnect\\frontend-user\\node_modules\\is-array-buffer'
93 silly reify ]
94 silly reify mark retired [
94 silly reify   'C:\\Users\\SecurityManager\\Desktop\\tstplotconnect\\frontend-user\\node_modules\\is-async-function'
94 silly reify ]
95 silly reify mark retired [
95 silly reify   'C:\\Users\\SecurityManager\\Desktop\\tstplotconnect\\frontend-user\\node_modules\\is-bigint'
95 silly reify ]
96 silly reify mark retired [
96 silly reify   'C:\\Users\\SecurityManager\\Desktop\\tstplotconnect\\frontend-user\\node_modules\\is-boolean-object'
96 silly reify ]
97 silly reify mark retired [
97 silly reify   'C:\\Users\\SecurityManager\\Desktop\\tstplotconnect\\frontend-user\\node_modules\\is-bun-module'
97 silly reify ]
98 silly reify mark retired [
98 silly reify   'C:\\Users\\SecurityManager\\Desktop\\tstplotconnect\\frontend-user\\node_modules\\is-callable'
98 silly reify ]
99 silly reify mark retired [
99 silly reify   'C:\\Users\\SecurityManager\\Desktop\\tstplotconnect\\frontend-user\\node_modules\\is-core-module'
99 silly reify ]
100 silly reify mark retired [
100 silly reify   'C:\\Users\\SecurityManager\\Desktop\\tstplotconnect\\frontend-user\\node_modules\\is-data-view'
100 silly reify ]
101 silly reify mark retired [
101 silly reify   'C:\\Users\\SecurityManager\\Desktop\\tstplotconnect\\frontend-user\\node_modules\\is-date-object'
101 silly reify ]
102 silly reify mark retired [
102 silly reify   'C:\\Users\\SecurityManager\\Desktop\\tstplotconnect\\frontend-user\\node_modules\\is-finalizationregistry'
102 silly reify ]
103 silly reify mark retired [
103 silly reify   'C:\\Users\\SecurityManager\\Desktop\\tstplotconnect\\frontend-user\\node_modules\\is-generator-function'
103 silly reify ]
104 silly reify mark retired [
104 silly reify   'C:\\Users\\SecurityManager\\Desktop\\tstplotconnect\\frontend-user\\node_modules\\is-map'
104 silly reify ]
105 silly reify mark retired [
105 silly reify   'C:\\Users\\SecurityManager\\Desktop\\tstplotconnect\\frontend-user\\node_modules\\is-negative-zero'
105 silly reify ]
106 silly reify mark retired [
106 silly reify   'C:\\Users\\SecurityManager\\Desktop\\tstplotconnect\\frontend-user\\node_modules\\is-number-object'
106 silly reify ]
107 silly reify mark retired [
107 silly reify   'C:\\Users\\SecurityManager\\Desktop\\tstplotconnect\\frontend-user\\node_modules\\is-regex'
107 silly reify ]
108 silly reify mark retired [
108 silly reify   'C:\\Users\\SecurityManager\\Desktop\\tstplotconnect\\frontend-user\\node_modules\\is-set'
108 silly reify ]
109 silly reify mark retired [
109 silly reify   'C:\\Users\\SecurityManager\\Desktop\\tstplotconnect\\frontend-user\\node_modules\\is-shared-array-buffer'
109 silly reify ]
110 silly reify mark retired [
110 silly reify   'C:\\Users\\SecurityManager\\Desktop\\tstplotconnect\\frontend-user\\node_modules\\is-string'
110 silly reify ]
111 silly reify mark retired [
111 silly reify   'C:\\Users\\SecurityManager\\Desktop\\tstplotconnect\\frontend-user\\node_modules\\is-symbol'
111 silly reify ]
112 silly reify mark retired [
112 silly reify   'C:\\Users\\SecurityManager\\Desktop\\tstplotconnect\\frontend-user\\node_modules\\is-typed-array'
112 silly reify ]
113 silly reify mark retired [
113 silly reify   'C:\\Users\\SecurityManager\\Desktop\\tstplotconnect\\frontend-user\\node_modules\\is-weakmap'
113 silly reify ]
114 silly reify mark retired [
114 silly reify   'C:\\Users\\SecurityManager\\Desktop\\tstplotconnect\\frontend-user\\node_modules\\is-weakref'
114 silly reify ]
115 silly reify mark retired [
115 silly reify   'C:\\Users\\SecurityManager\\Desktop\\tstplotconnect\\frontend-user\\node_modules\\is-weakset'
115 silly reify ]
116 silly reify mark retired [
116 silly reify   'C:\\Users\\SecurityManager\\Desktop\\tstplotconnect\\frontend-user\\node_modules\\isarray'
116 silly reify ]
117 silly reify mark retired [
117 silly reify   'C:\\Users\\SecurityManager\\Desktop\\tstplotconnect\\frontend-user\\node_modules\\iterator.prototype'
117 silly reify ]
118 silly reify mark retired [
118 silly reify   'C:\\Users\\SecurityManager\\Desktop\\tstplotconnect\\frontend-user\\node_modules\\js-tokens'
118 silly reify ]
119 silly reify mark retired [
119 silly reify   'C:\\Users\\SecurityManager\\Desktop\\tstplotconnect\\frontend-user\\node_modules\\json-buffer'
119 silly reify ]
120 silly reify mark retired [
120 silly reify   'C:\\Users\\SecurityManager\\Desktop\\tstplotconnect\\frontend-user\\node_modules\\json-schema-traverse'
120 silly reify ]
121 silly reify mark retired [
121 silly reify   'C:\\Users\\SecurityManager\\Desktop\\tstplotconnect\\frontend-user\\node_modules\\json-stable-stringify-without-jsonify'
121 silly reify ]
122 silly reify mark retired [
122 silly reify   'C:\\Users\\SecurityManager\\Desktop\\tstplotconnect\\frontend-user\\node_modules\\json5'
122 silly reify ]
123 silly reify mark retired [
123 silly reify   'C:\\Users\\SecurityManager\\Desktop\\tstplotconnect\\frontend-user\\node_modules\\jsx-ast-utils'
123 silly reify ]
124 silly reify mark retired [
124 silly reify   'C:\\Users\\SecurityManager\\Desktop\\tstplotconnect\\frontend-user\\node_modules\\keyv'
124 silly reify ]
125 silly reify mark retired [
125 silly reify   'C:\\Users\\SecurityManager\\Desktop\\tstplotconnect\\frontend-user\\node_modules\\language-subtag-registry'
125 silly reify ]
126 silly reify mark retired [
126 silly reify   'C:\\Users\\SecurityManager\\Desktop\\tstplotconnect\\frontend-user\\node_modules\\language-tags'
126 silly reify ]
127 silly reify mark retired [
127 silly reify   'C:\\Users\\SecurityManager\\Desktop\\tstplotconnect\\frontend-user\\node_modules\\levn'
127 silly reify ]
128 silly reify mark retired [
128 silly reify   'C:\\Users\\SecurityManager\\Desktop\\tstplotconnect\\frontend-user\\node_modules\\locate-path'
128 silly reify ]
129 silly reify mark retired [
129 silly reify   'C:\\Users\\SecurityManager\\Desktop\\tstplotconnect\\frontend-user\\node_modules\\lodash.merge'
129 silly reify ]
130 silly reify mark retired [
130 silly reify   'C:\\Users\\SecurityManager\\Desktop\\tstplotconnect\\frontend-user\\node_modules\\loose-envify'
130 silly reify ]
131 silly reify mark retired [
131 silly reify   'C:\\Users\\SecurityManager\\Desktop\\tstplotconnect\\frontend-user\\node_modules\\minimist'
131 silly reify ]
132 silly reify mark retired [
132 silly reify   'C:\\Users\\SecurityManager\\Desktop\\tstplotconnect\\frontend-user\\node_modules\\nanoid'
132 silly reify ]
133 silly reify mark retired [
133 silly reify   'C:\\Users\\SecurityManager\\Desktop\\tstplotconnect\\frontend-user\\node_modules\\napi-postinstall'
133 silly reify ]
134 silly reify mark retired [
134 silly reify   'C:\\Users\\SecurityManager\\Desktop\\tstplotconnect\\frontend-user\\node_modules\\natural-compare'
134 silly reify ]
135 silly reify mark retired [
135 silly reify   'C:\\Users\\SecurityManager\\Desktop\\tstplotconnect\\frontend-user\\node_modules\\next'
135 silly reify ]
136 silly reify mark retired [
136 silly reify   'C:\\Users\\SecurityManager\\Desktop\\tstplotconnect\\frontend-user\\node_modules\\node-exports-info'
136 silly reify ]
137 silly reify mark retired [
137 silly reify   'C:\\Users\\SecurityManager\\Desktop\\tstplotconnect\\frontend-user\\node_modules\\object-assign'
137 silly reify ]
138 silly reify mark retired [
138 silly reify   'C:\\Users\\SecurityManager\\Desktop\\tstplotconnect\\frontend-user\\node_modules\\object-inspect'
138 silly reify ]
139 silly reify mark retired [
139 silly reify   'C:\\Users\\SecurityManager\\Desktop\\tstplotconnect\\frontend-user\\node_modules\\object-keys'
139 silly reify ]
140 silly reify mark retired [
140 silly reify   'C:\\Users\\SecurityManager\\Desktop\\tstplotconnect\\frontend-user\\node_modules\\object.assign'
140 silly reify ]
141 silly reify mark retired [
141 silly reify   'C:\\Users\\SecurityManager\\Desktop\\tstplotconnect\\frontend-user\\node_modules\\object.entries'
141 silly reify ]
142 silly reify mark retired [
142 silly reify   'C:\\Users\\SecurityManager\\Desktop\\tstplotconnect\\frontend-user\\node_modules\\object.fromentries'
142 silly reify ]
143 silly reify mark retired [
143 silly reify   'C:\\Users\\SecurityManager\\Desktop\\tstplotconnect\\frontend-user\\node_modules\\object.groupby'
143 silly reify ]
144 silly reify mark retired [
144 silly reify   'C:\\Users\\SecurityManager\\Desktop\\tstplotconnect\\frontend-user\\node_modules\\object.values'
144 silly reify ]
145 silly reify mark retired [
145 silly reify   'C:\\Users\\SecurityManager\\Desktop\\tstplotconnect\\frontend-user\\node_modules\\optionator'
145 silly reify ]
146 silly reify mark retired [
146 silly reify   'C:\\Users\\SecurityManager\\Desktop\\tstplotconnect\\frontend-user\\node_modules\\own-keys'
146 silly reify ]
147 silly reify mark retired [
147 silly reify   'C:\\Users\\SecurityManager\\Desktop\\tstplotconnect\\frontend-user\\node_modules\\p-limit'
147 silly reify ]
148 silly reify mark retired [
148 silly reify   'C:\\Users\\SecurityManager\\Desktop\\tstplotconnect\\frontend-user\\node_modules\\p-locate'
148 silly reify ]
149 silly reify mark retired [
149 silly reify   'C:\\Users\\SecurityManager\\Desktop\\tstplotconnect\\frontend-user\\node_modules\\parent-module'
149 silly reify ]
150 silly reify mark retired [
150 silly reify   'C:\\Users\\SecurityManager\\Desktop\\tstplotconnect\\frontend-user\\node_modules\\path-exists'
150 silly reify ]
151 silly reify mark retired [
151 silly reify   'C:\\Users\\SecurityManager\\Desktop\\tstplotconnect\\frontend-user\\node_modules\\path-parse'
151 silly reify ]
152 silly reify mark retired [
152 silly reify   'C:\\Users\\SecurityManager\\Desktop\\tstplotconnect\\frontend-user\\node_modules\\possible-typed-array-names'
152 silly reify ]
153 silly reify mark retired [
153 silly reify   'C:\\Users\\SecurityManager\\Desktop\\tstplotconnect\\frontend-user\\node_modules\\postcss'
153 silly reify ]
154 silly reify mark retired [
154 silly reify   'C:\\Users\\SecurityManager\\Desktop\\tstplotconnect\\frontend-user\\node_modules\\prelude-ls'
154 silly reify ]
155 silly reify mark retired [
155 silly reify   'C:\\Users\\SecurityManager\\Desktop\\tstplotconnect\\frontend-user\\node_modules\\prop-types'
155 silly reify ]
156 silly reify mark retired [
156 silly reify   'C:\\Users\\SecurityManager\\Desktop\\tstplotconnect\\frontend-user\\node_modules\\react'
156 silly reify ]
157 silly reify mark retired [
157 silly reify   'C:\\Users\\SecurityManager\\Desktop\\tstplotconnect\\frontend-user\\node_modules\\react-dom'
157 silly reify ]
158 silly reify mark retired [
158 silly reify   'C:\\Users\\SecurityManager\\Desktop\\tstplotconnect\\frontend-user\\node_modules\\react-is'
158 silly reify ]
159 silly reify mark retired [
159 silly reify   'C:\\Users\\SecurityManager\\Desktop\\tstplotconnect\\frontend-user\\node_modules\\reflect.getprototypeof'
159 silly reify ]
160 silly reify mark retired [
160 silly reify   'C:\\Users\\SecurityManager\\Desktop\\tstplotconnect\\frontend-user\\node_modules\\regexp.prototype.flags'
160 silly reify ]
161 silly reify mark retired [
161 silly reify   'C:\\Users\\SecurityManager\\Desktop\\tstplotconnect\\frontend-user\\node_modules\\resolve'
161 silly reify ]
162 silly reify mark retired [
162 silly reify   'C:\\Users\\SecurityManager\\Desktop\\tstplotconnect\\frontend-user\\node_modules\\resolve-from'
162 silly reify ]
163 silly reify mark retired [
163 silly reify   'C:\\Users\\SecurityManager\\Desktop\\tstplotconnect\\frontend-user\\node_modules\\safe-array-concat'
163 silly reify ]
164 silly reify mark retired [
164 silly reify   'C:\\Users\\SecurityManager\\Desktop\\tstplotconnect\\frontend-user\\node_modules\\safe-push-apply'
164 silly reify ]
165 silly reify mark retired [
165 silly reify   'C:\\Users\\SecurityManager\\Desktop\\tstplotconnect\\frontend-user\\node_modules\\safe-regex-test'
165 silly reify ]
166 silly reify mark retired [
166 silly reify   'C:\\Users\\SecurityManager\\Desktop\\tstplotconnect\\frontend-user\\node_modules\\scheduler'
166 silly reify ]
167 silly reify mark retired [
167 silly reify   'C:\\Users\\SecurityManager\\Desktop\\tstplotconnect\\frontend-user\\node_modules\\semver'
167 silly reify ]
168 silly reify mark retired [
168 silly reify   'C:\\Users\\SecurityManager\\Desktop\\tstplotconnect\\frontend-user\\node_modules\\set-function-length'
168 silly reify ]
169 silly reify mark retired [
169 silly reify   'C:\\Users\\SecurityManager\\Desktop\\tstplotconnect\\frontend-user\\node_modules\\set-function-name'
169 silly reify ]
170 silly reify mark retired [
170 silly reify   'C:\\Users\\SecurityManager\\Desktop\\tstplotconnect\\frontend-user\\node_modules\\set-proto'
170 silly reify ]
171 silly reify mark retired [
171 silly reify   'C:\\Users\\SecurityManager\\Desktop\\tstplotconnect\\frontend-user\\node_modules\\sharp'
171 silly reify ]
172 silly reify mark retired [
172 silly reify   'C:\\Users\\SecurityManager\\Desktop\\tstplotconnect\\frontend-user\\node_modules\\side-channel'
172 silly reify ]
173 silly reify mark retired [
173 silly reify   'C:\\Users\\SecurityManager\\Desktop\\tstplotconnect\\frontend-user\\node_modules\\side-channel-list'
173 silly reify ]
174 silly reify mark retired [
174 silly reify   'C:\\Users\\SecurityManager\\Desktop\\tstplotconnect\\frontend-user\\node_modules\\side-channel-map'
174 silly reify ]
175 silly reify mark retired [
175 silly reify   'C:\\Users\\SecurityManager\\Desktop\\tstplotconnect\\frontend-user\\node_modules\\side-channel-weakmap'
175 silly reify ]
176 silly reify mark retired [
176 silly reify   'C:\\Users\\SecurityManager\\Desktop\\tstplotconnect\\frontend-user\\node_modules\\source-map-js'
176 silly reify ]
177 silly reify mark retired [
177 silly reify   'C:\\Users\\SecurityManager\\Desktop\\tstplotconnect\\frontend-user\\node_modules\\stable-hash'
177 silly reify ]
178 silly reify mark retired [
178 silly reify   'C:\\Users\\SecurityManager\\Desktop\\tstplotconnect\\frontend-user\\node_modules\\stop-iteration-iterator'
178 silly reify ]
179 silly reify mark retired [
179 silly reify   'C:\\Users\\SecurityManager\\Desktop\\tstplotconnect\\frontend-user\\node_modules\\string.prototype.includes'
179 silly reify ]
180 silly reify mark retired [
180 silly reify   'C:\\Users\\SecurityManager\\Desktop\\tstplotconnect\\frontend-user\\node_modules\\string.prototype.matchall'
180 silly reify ]
181 silly reify mark retired [
181 silly reify   'C:\\Users\\SecurityManager\\Desktop\\tstplotconnect\\frontend-user\\node_modules\\string.prototype.repeat'
181 silly reify ]
182 silly reify mark retired [
182 silly reify   'C:\\Users\\SecurityManager\\Desktop\\tstplotconnect\\frontend-user\\node_modules\\string.prototype.trim'
182 silly reify ]
183 silly reify mark retired [
183 silly reify   'C:\\Users\\SecurityManager\\Desktop\\tstplotconnect\\frontend-user\\node_modules\\string.prototype.trimend'
183 silly reify ]
184 silly reify mark retired [
184 silly reify   'C:\\Users\\SecurityManager\\Desktop\\tstplotconnect\\frontend-user\\node_modules\\string.prototype.trimstart'
184 silly reify ]
185 silly reify mark retired [
185 silly reify   'C:\\Users\\SecurityManager\\Desktop\\tstplotconnect\\frontend-user\\node_modules\\strip-bom'
185 silly reify ]
186 silly reify mark retired [
186 silly reify   'C:\\Users\\SecurityManager\\Desktop\\tstplotconnect\\frontend-user\\node_modules\\strip-json-comments'
186 silly reify ]
187 silly reify mark retired [
187 silly reify   'C:\\Users\\SecurityManager\\Desktop\\tstplotconnect\\frontend-user\\node_modules\\styled-jsx'
187 silly reify ]
188 silly reify mark retired [
188 silly reify   'C:\\Users\\SecurityManager\\Desktop\\tstplotconnect\\frontend-user\\node_modules\\supports-color'
188 silly reify ]
189 silly reify mark retired [
189 silly reify   'C:\\Users\\SecurityManager\\Desktop\\tstplotconnect\\frontend-user\\node_modules\\supports-preserve-symlinks-flag'
189 silly reify ]
190 silly reify mark retired [
190 silly reify   'C:\\Users\\SecurityManager\\Desktop\\tstplotconnect\\frontend-user\\node_modules\\tinyglobby'
190 silly reify ]
191 silly reify mark retired [
191 silly reify   'C:\\Users\\SecurityManager\\Desktop\\tstplotconnect\\frontend-user\\node_modules\\ts-api-utils'
191 silly reify ]
192 silly reify mark retired [
192 silly reify   'C:\\Users\\SecurityManager\\Desktop\\tstplotconnect\\frontend-user\\node_modules\\tsconfig-paths'
192 silly reify ]
193 silly reify mark retired [
193 silly reify   'C:\\Users\\SecurityManager\\Desktop\\tstplotconnect\\frontend-user\\node_modules\\type-check'
193 silly reify ]
194 silly reify mark retired [
194 silly reify   'C:\\Users\\SecurityManager\\Desktop\\tstplotconnect\\frontend-user\\node_modules\\typed-array-buffer'
194 silly reify ]
195 silly reify mark retired [
195 silly reify   'C:\\Users\\SecurityManager\\Desktop\\tstplotconnect\\frontend-user\\node_modules\\typed-array-byte-length'
195 silly reify ]
196 silly reify mark retired [
196 silly reify   'C:\\Users\\SecurityManager\\Desktop\\tstplotconnect\\frontend-user\\node_modules\\typed-array-byte-offset'
196 silly reify ]
197 silly reify mark retired [
197 silly reify   'C:\\Users\\SecurityManager\\Desktop\\tstplotconnect\\frontend-user\\node_modules\\typed-array-length'
197 silly reify ]
198 silly reify mark retired [
198 silly reify   'C:\\Users\\SecurityManager\\Desktop\\tstplotconnect\\frontend-user\\node_modules\\unbox-primitive'
198 silly reify ]
199 silly reify mark retired [
199 silly reify   'C:\\Users\\SecurityManager\\Desktop\\tstplotconnect\\frontend-user\\node_modules\\unrs-resolver'
199 silly reify ]
200 silly reify mark retired [
200 silly reify   'C:\\Users\\SecurityManager\\Desktop\\tstplotconnect\\frontend-user\\node_modules\\which-boxed-primitive'
200 silly reify ]
201 silly reify mark retired [
201 silly reify   'C:\\Users\\SecurityManager\\Desktop\\tstplotconnect\\frontend-user\\node_modules\\which-builtin-type'
201 silly reify ]
202 silly reify mark retired [
202 silly reify   'C:\\Users\\SecurityManager\\Desktop\\tstplotconnect\\frontend-user\\node_modules\\which-collection'
202 silly reify ]
203 silly reify mark retired [
203 silly reify   'C:\\Users\\SecurityManager\\Desktop\\tstplotconnect\\frontend-user\\node_modules\\which-typed-array'
203 silly reify ]
204 silly reify mark retired [
204 silly reify   'C:\\Users\\SecurityManager\\Desktop\\tstplotconnect\\frontend-user\\node_modules\\word-wrap'
204 silly reify ]
205 silly reify mark retired [
205 silly reify   'C:\\Users\\SecurityManager\\Desktop\\tstplotconnect\\frontend-user\\node_modules\\yocto-queue'
205 silly reify ]
206 silly reify mark retired [
206 silly reify   'C:\\Users\\SecurityManager\\Desktop\\tstplotconnect\\frontend-user\\node_modules\\@eslint\\config-array'
206 silly reify ]
207 silly reify mark retired [
207 silly reify   'C:\\Users\\SecurityManager\\Desktop\\tstplotconnect\\frontend-user\\node_modules\\@eslint\\config-helpers'
207 silly reify ]
208 silly reify mark retired [
208 silly reify   'C:\\Users\\SecurityManager\\Desktop\\tstplotconnect\\frontend-user\\node_modules\\@eslint\\core'
208 silly reify ]
209 silly reify mark retired [
209 silly reify   'C:\\Users\\SecurityManager\\Desktop\\tstplotconnect\\frontend-user\\node_modules\\@eslint\\eslintrc'
209 silly reify ]
210 silly reify mark retired [
210 silly reify   'C:\\Users\\SecurityManager\\Desktop\\tstplotconnect\\frontend-user\\node_modules\\@eslint\\js'
210 silly reify ]
211 silly reify mark retired [
211 silly reify   'C:\\Users\\SecurityManager\\Desktop\\tstplotconnect\\frontend-user\\node_modules\\@eslint\\object-schema'
211 silly reify ]
212 silly reify mark retired [
212 silly reify   'C:\\Users\\SecurityManager\\Desktop\\tstplotconnect\\frontend-user\\node_modules\\@eslint\\plugin-kit'
212 silly reify ]
213 silly reify mark retired [
213 silly reify   'C:\\Users\\SecurityManager\\Desktop\\tstplotconnect\\frontend-user\\node_modules\\@eslint-community\\eslint-utils'
213 silly reify ]
214 silly reify mark retired [
214 silly reify   'C:\\Users\\SecurityManager\\Desktop\\tstplotconnect\\frontend-user\\node_modules\\@eslint-community\\regexpp'
214 silly reify ]
215 silly reify mark retired [
215 silly reify   'C:\\Users\\SecurityManager\\Desktop\\tstplotconnect\\frontend-user\\node_modules\\@humanfs\\core'
215 silly reify ]
216 silly reify mark retired [
216 silly reify   'C:\\Users\\SecurityManager\\Desktop\\tstplotconnect\\frontend-user\\node_modules\\@humanfs\\node'
216 silly reify ]
217 silly reify mark retired [
217 silly reify   'C:\\Users\\SecurityManager\\Desktop\\tstplotconnect\\frontend-user\\node_modules\\@humanfs\\types'
217 silly reify ]
218 silly reify mark retired [
218 silly reify   'C:\\Users\\SecurityManager\\Desktop\\tstplotconnect\\frontend-user\\node_modules\\@humanwhocodes\\module-importer'
218 silly reify ]
219 silly reify mark retired [
219 silly reify   'C:\\Users\\SecurityManager\\Desktop\\tstplotconnect\\frontend-user\\node_modules\\@humanwhocodes\\retry'
219 silly reify ]
220 silly reify mark retired [
220 silly reify   'C:\\Users\\SecurityManager\\Desktop\\tstplotconnect\\frontend-user\\node_modules\\@img\\colour'
220 silly reify ]
221 silly reify mark retired [
221 silly reify   'C:\\Users\\SecurityManager\\Desktop\\tstplotconnect\\frontend-user\\node_modules\\@img\\sharp-darwin-arm64'
221 silly reify ]
222 silly reify mark retired [
222 silly reify   'C:\\Users\\SecurityManager\\Desktop\\tstplotconnect\\frontend-user\\node_modules\\@img\\sharp-darwin-x64'
222 silly reify ]
223 silly reify mark retired [
223 silly reify   'C:\\Users\\SecurityManager\\Desktop\\tstplotconnect\\frontend-user\\node_modules\\@img\\sharp-libvips-darwin-arm64'
223 silly reify ]
224 silly reify mark retired [
224 silly reify   'C:\\Users\\SecurityManager\\Desktop\\tstplotconnect\\frontend-user\\node_modules\\@img\\sharp-libvips-darwin-x64'
224 silly reify ]
225 silly reify mark retired [
225 silly reify   'C:\\Users\\SecurityManager\\Desktop\\tstplotconnect\\frontend-user\\node_modules\\@img\\sharp-libvips-linux-arm'
225 silly reify ]
226 silly reify mark retired [
226 silly reify   'C:\\Users\\SecurityManager\\Desktop\\tstplotconnect\\frontend-user\\node_modules\\@img\\sharp-libvips-linux-arm64'
226 silly reify ]
227 silly reify mark retired [
227 silly reify   'C:\\Users\\SecurityManager\\Desktop\\tstplotconnect\\frontend-user\\node_modules\\@img\\sharp-libvips-linux-ppc64'
227 silly reify ]
228 silly reify mark retired [
228 silly reify   'C:\\Users\\SecurityManager\\Desktop\\tstplotconnect\\frontend-user\\node_modules\\@img\\sharp-libvips-linux-riscv64'
228 silly reify ]
229 silly reify mark retired [
229 silly reify   'C:\\Users\\SecurityManager\\Desktop\\tstplotconnect\\frontend-user\\node_modules\\@img\\sharp-libvips-linux-s390x'
229 silly reify ]
230 silly reify mark retired [
230 silly reify   'C:\\Users\\SecurityManager\\Desktop\\tstplotconnect\\frontend-user\\node_modules\\@img\\sharp-libvips-linux-x64'
230 silly reify ]
231 silly reify mark retired [
231 silly reify   'C:\\Users\\SecurityManager\\Desktop\\tstplotconnect\\frontend-user\\node_modules\\@img\\sharp-libvips-linuxmusl-arm64'
231 silly reify ]
232 silly reify mark retired [
232 silly reify   'C:\\Users\\SecurityManager\\Desktop\\tstplotconnect\\frontend-user\\node_modules\\@img\\sharp-libvips-linuxmusl-x64'
232 silly reify ]
233 silly reify mark retired [
233 silly reify   'C:\\Users\\SecurityManager\\Desktop\\tstplotconnect\\frontend-user\\node_modules\\@img\\sharp-linux-arm'
233 silly reify ]
234 silly reify mark retired [
234 silly reify   'C:\\Users\\SecurityManager\\Desktop\\tstplotconnect\\frontend-user\\node_modules\\@img\\sharp-linux-arm64'
234 silly reify ]
235 silly reify mark retired [
235 silly reify   'C:\\Users\\SecurityManager\\Desktop\\tstplotconnect\\frontend-user\\node_modules\\@img\\sharp-linux-ppc64'
235 silly reify ]
236 silly reify mark retired [
236 silly reify   'C:\\Users\\SecurityManager\\Desktop\\tstplotconnect\\frontend-user\\node_modules\\@img\\sharp-linux-riscv64'
236 silly reify ]
237 silly reify mark retired [
237 silly reify   'C:\\Users\\SecurityManager\\Desktop\\tstplotconnect\\frontend-user\\node_modules\\@img\\sharp-linux-s390x'
237 silly reify ]
238 silly reify mark retired [
238 silly reify   'C:\\Users\\SecurityManager\\Desktop\\tstplotconnect\\frontend-user\\node_modules\\@img\\sharp-linux-x64'
238 silly reify ]
239 silly reify mark retired [
239 silly reify   'C:\\Users\\SecurityManager\\Desktop\\tstplotconnect\\frontend-user\\node_modules\\@img\\sharp-linuxmusl-arm64'
239 silly reify ]
240 silly reify mark retired [
240 silly reify   'C:\\Users\\SecurityManager\\Desktop\\tstplotconnect\\frontend-user\\node_modules\\@img\\sharp-linuxmusl-x64'
240 silly reify ]
241 silly reify mark retired [
241 silly reify   'C:\\Users\\SecurityManager\\Desktop\\tstplotconnect\\frontend-user\\node_modules\\@img\\sharp-wasm32'
241 silly reify ]
242 silly reify mark retired [
242 silly reify   'C:\\Users\\SecurityManager\\Desktop\\tstplotconnect\\frontend-user\\node_modules\\@img\\sharp-win32-arm64'
242 silly reify ]
243 silly reify mark retired [
243 silly reify   'C:\\Users\\SecurityManager\\Desktop\\tstplotconnect\\frontend-user\\node_modules\\@img\\sharp-win32-ia32'
243 silly reify ]
244 silly reify mark retired [
244 silly reify   'C:\\Users\\SecurityManager\\Desktop\\tstplotconnect\\frontend-user\\node_modules\\@img\\sharp-win32-x64'
244 silly reify ]
245 silly reify mark retired [
245 silly reify   'C:\\Users\\SecurityManager\\Desktop\\tstplotconnect\\frontend-user\\node_modules\\@napi-rs\\wasm-runtime'
245 silly reify ]
246 silly reify mark retired [
246 silly reify   'C:\\Users\\SecurityManager\\Desktop\\tstplotconnect\\frontend-user\\node_modules\\@next\\env'
246 silly reify ]
247 silly reify mark retired [
247 silly reify   'C:\\Users\\SecurityManager\\Desktop\\tstplotconnect\\frontend-user\\node_modules\\@next\\eslint-plugin-next'
247 silly reify ]
248 silly reify mark retired [
248 silly reify   'C:\\Users\\SecurityManager\\Desktop\\tstplotconnect\\frontend-user\\node_modules\\@next\\swc-darwin-arm64'
248 silly reify ]
249 silly reify mark retired [
249 silly reify   'C:\\Users\\SecurityManager\\Desktop\\tstplotconnect\\frontend-user\\node_modules\\@next\\swc-darwin-x64'
249 silly reify ]
250 silly reify mark retired [
250 silly reify   'C:\\Users\\SecurityManager\\Desktop\\tstplotconnect\\frontend-user\\node_modules\\@next\\swc-linux-arm64-gnu'
250 silly reify ]
251 silly reify mark retired [
251 silly reify   'C:\\Users\\SecurityManager\\Desktop\\tstplotconnect\\frontend-user\\node_modules\\@next\\swc-linux-arm64-musl'
251 silly reify ]
252 silly reify mark retired [
252 silly reify   'C:\\Users\\SecurityManager\\Desktop\\tstplotconnect\\frontend-user\\node_modules\\@next\\swc-linux-x64-gnu'
252 silly reify ]
253 silly reify mark retired [
253 silly reify   'C:\\Users\\SecurityManager\\Desktop\\tstplotconnect\\frontend-user\\node_modules\\@next\\swc-linux-x64-musl'
253 silly reify ]
254 silly reify mark retired [
254 silly reify   'C:\\Users\\SecurityManager\\Desktop\\tstplotconnect\\frontend-user\\node_modules\\@next\\swc-win32-arm64-msvc'
254 silly reify ]
255 silly reify mark retired [
255 silly reify   'C:\\Users\\SecurityManager\\Desktop\\tstplotconnect\\frontend-user\\node_modules\\@next\\swc-win32-x64-msvc'
255 silly reify ]
256 silly reify mark retired [
256 silly reify   'C:\\Users\\SecurityManager\\Desktop\\tstplotconnect\\frontend-user\\node_modules\\@nolyfill\\is-core-module'
256 silly reify ]
257 silly reify mark retired [
257 silly reify   'C:\\Users\\SecurityManager\\Desktop\\tstplotconnect\\frontend-user\\node_modules\\@rtsao\\scc'
257 silly reify ]
258 silly reify mark retired [
258 silly reify   'C:\\Users\\SecurityManager\\Desktop\\tstplotconnect\\frontend-user\\node_modules\\@rushstack\\eslint-patch'
258 silly reify ]
259 silly reify mark retired [
259 silly reify   'C:\\Users\\SecurityManager\\Desktop\\tstplotconnect\\frontend-user\\node_modules\\@swc\\helpers'
259 silly reify ]
260 silly reify mark retired [
260 silly reify   'C:\\Users\\SecurityManager\\Desktop\\tstplotconnect\\frontend-user\\node_modules\\@tybys\\wasm-util'
260 silly reify ]
261 silly reify mark retired [
261 silly reify   'C:\\Users\\SecurityManager\\Desktop\\tstplotconnect\\frontend-user\\node_modules\\@types\\estree'
261 silly reify ]
262 silly reify mark retired [
262 silly reify   'C:\\Users\\SecurityManager\\Desktop\\tstplotconnect\\frontend-user\\node_modules\\@types\\json5'
262 silly reify ]
263 silly reify mark retired [
263 silly reify   'C:\\Users\\SecurityManager\\Desktop\\tstplotconnect\\frontend-user\\node_modules\\@types\\prop-types'
263 silly reify ]
264 silly reify mark retired [
264 silly reify   'C:\\Users\\SecurityManager\\Desktop\\tstplotconnect\\frontend-user\\node_modules\\@types\\react'
264 silly reify ]
265 silly reify mark retired [
265 silly reify   'C:\\Users\\SecurityManager\\Desktop\\tstplotconnect\\frontend-user\\node_modules\\@types\\react-dom'
265 silly reify ]
266 silly reify mark retired [
266 silly reify   'C:\\Users\\SecurityManager\\Desktop\\tstplotconnect\\frontend-user\\node_modules\\@typescript-eslint\\eslint-plugin'
266 silly reify ]
267 silly reify mark retired [
267 silly reify   'C:\\Users\\SecurityManager\\Desktop\\tstplotconnect\\frontend-user\\node_modules\\@typescript-eslint\\parser'
267 silly reify ]
268 silly reify mark retired [
268 silly reify   'C:\\Users\\SecurityManager\\Desktop\\tstplotconnect\\frontend-user\\node_modules\\@typescript-eslint\\project-service'
268 silly reify ]
269 silly reify mark retired [
269 silly reify   'C:\\Users\\SecurityManager\\Desktop\\tstplotconnect\\frontend-user\\node_modules\\@typescript-eslint\\scope-manager'
269 silly reify ]
270 silly reify mark retired [
270 silly reify   'C:\\Users\\SecurityManager\\Desktop\\tstplotconnect\\frontend-user\\node_modules\\@typescript-eslint\\tsconfig-utils'
270 silly reify ]
271 silly reify mark retired [
271 silly reify   'C:\\Users\\SecurityManager\\Desktop\\tstplotconnect\\frontend-user\\node_modules\\@typescript-eslint\\type-utils'
271 silly reify ]
272 silly reify mark retired [
272 silly reify   'C:\\Users\\SecurityManager\\Desktop\\tstplotconnect\\frontend-user\\node_modules\\@typescript-eslint\\types'
272 silly reify ]
273 silly reify mark retired [
273 silly reify   'C:\\Users\\SecurityManager\\Desktop\\tstplotconnect\\frontend-user\\node_modules\\@typescript-eslint\\typescript-estree'
273 silly reify ]
274 silly reify mark retired [
274 silly reify   'C:\\Users\\SecurityManager\\Desktop\\tstplotconnect\\frontend-user\\node_modules\\@typescript-eslint\\utils'
274 silly reify ]
275 silly reify mark retired [
275 silly reify   'C:\\Users\\SecurityManager\\Desktop\\tstplotconnect\\frontend-user\\node_modules\\@typescript-eslint\\visitor-keys'
275 silly reify ]
276 silly reify mark retired [
276 silly reify   'C:\\Users\\SecurityManager\\Desktop\\tstplotconnect\\frontend-user\\node_modules\\@unrs\\resolver-binding-android-arm-eabi'
276 silly reify ]
277 silly reify mark retired [
277 silly reify   'C:\\Users\\SecurityManager\\Desktop\\tstplotconnect\\frontend-user\\node_modules\\@unrs\\resolver-binding-android-arm64'
277 silly reify ]
278 silly reify mark retired [
278 silly reify   'C:\\Users\\SecurityManager\\Desktop\\tstplotconnect\\frontend-user\\node_modules\\@unrs\\resolver-binding-darwin-arm64'
278 silly reify ]
279 silly reify mark retired [
279 silly reify   'C:\\Users\\SecurityManager\\Desktop\\tstplotconnect\\frontend-user\\node_modules\\@unrs\\resolver-binding-darwin-x64'
279 silly reify ]
280 silly reify mark retired [
280 silly reify   'C:\\Users\\SecurityManager\\Desktop\\tstplotconnect\\frontend-user\\node_modules\\@unrs\\resolver-binding-freebsd-x64'
280 silly reify ]
281 silly reify mark retired [
281 silly reify   'C:\\Users\\SecurityManager\\Desktop\\tstplotconnect\\frontend-user\\node_modules\\@unrs\\resolver-binding-linux-arm-gnueabihf'
281 silly reify ]
282 silly reify mark retired [
282 silly reify   'C:\\Users\\SecurityManager\\Desktop\\tstplotconnect\\frontend-user\\node_modules\\@unrs\\resolver-binding-linux-arm-musleabihf'
282 silly reify ]
283 silly reify mark retired [
283 silly reify   'C:\\Users\\SecurityManager\\Desktop\\tstplotconnect\\frontend-user\\node_modules\\@unrs\\resolver-binding-linux-arm64-gnu'
283 silly reify ]
284 silly reify mark retired [
284 silly reify   'C:\\Users\\SecurityManager\\Desktop\\tstplotconnect\\frontend-user\\node_modules\\@unrs\\resolver-binding-linux-arm64-musl'
284 silly reify ]
285 silly reify mark retired [
285 silly reify   'C:\\Users\\SecurityManager\\Desktop\\tstplotconnect\\frontend-user\\node_modules\\@unrs\\resolver-binding-linux-ppc64-gnu'
285 silly reify ]
286 silly reify mark retired [
286 silly reify   'C:\\Users\\SecurityManager\\Desktop\\tstplotconnect\\frontend-user\\node_modules\\@unrs\\resolver-binding-linux-riscv64-gnu'
286 silly reify ]
287 silly reify mark retired [
287 silly reify   'C:\\Users\\SecurityManager\\Desktop\\tstplotconnect\\frontend-user\\node_modules\\@unrs\\resolver-binding-linux-riscv64-musl'
287 silly reify ]
288 silly reify mark retired [
288 silly reify   'C:\\Users\\SecurityManager\\Desktop\\tstplotconnect\\frontend-user\\node_modules\\@unrs\\resolver-binding-linux-s390x-gnu'
288 silly reify ]
289 silly reify mark retired [
289 silly reify   'C:\\Users\\SecurityManager\\Desktop\\tstplotconnect\\frontend-user\\node_modules\\@unrs\\resolver-binding-linux-x64-gnu'
289 silly reify ]
290 silly reify mark retired [
290 silly reify   'C:\\Users\\SecurityManager\\Desktop\\tstplotconnect\\frontend-user\\node_modules\\@unrs\\resolver-binding-linux-x64-musl'
290 silly reify ]
291 silly reify mark retired [
291 silly reify   'C:\\Users\\SecurityManager\\Desktop\\tstplotconnect\\frontend-user\\node_modules\\@unrs\\resolver-binding-wasm32-wasi'
291 silly reify ]
292 silly reify mark retired [
292 silly reify   'C:\\Users\\SecurityManager\\Desktop\\tstplotconnect\\frontend-user\\node_modules\\@unrs\\resolver-binding-win32-arm64-msvc'
292 silly reify ]
293 silly reify mark retired [
293 silly reify   'C:\\Users\\SecurityManager\\Desktop\\tstplotconnect\\frontend-user\\node_modules\\@unrs\\resolver-binding-win32-ia32-msvc'
293 silly reify ]
294 silly reify mark retired [
294 silly reify   'C:\\Users\\SecurityManager\\Desktop\\tstplotconnect\\frontend-user\\node_modules\\@unrs\\resolver-binding-win32-x64-msvc'
294 silly reify ]
295 silly reify mark retired [
295 silly reify   'C:\\Users\\SecurityManager\\Desktop\\tstplotconnect\\frontend-user\\node_modules\\acorn',
295 silly reify   'C:\\Users\\SecurityManager\\Desktop\\tstplotconnect\\frontend-user\\node_modules\\.bin\\acorn',
295 silly reify   'C:\\Users\\SecurityManager\\Desktop\\tstplotconnect\\frontend-user\\node_modules\\.bin\\acorn.cmd',
295 silly reify   'C:\\Users\\SecurityManager\\Desktop\\tstplotconnect\\frontend-user\\node_modules\\.bin\\acorn.ps1'
295 silly reify ]
296 silly reify mark retired [
296 silly reify   'C:\\Users\\SecurityManager\\Desktop\\tstplotconnect\\frontend-user\\node_modules\\js-yaml',
296 silly reify   'C:\\Users\\SecurityManager\\Desktop\\tstplotconnect\\frontend-user\\node_modules\\.bin\\js-yaml',
296 silly reify   'C:\\Users\\SecurityManager\\Desktop\\tstplotconnect\\frontend-user\\node_modules\\.bin\\js-yaml.cmd',
296 silly reify   'C:\\Users\\SecurityManager\\Desktop\\tstplotconnect\\frontend-user\\node_modules\\.bin\\js-yaml.ps1'
296 silly reify ]
297 silly reify mark retired [
297 silly reify   'C:\\Users\\SecurityManager\\Desktop\\tstplotconnect\\frontend-user\\node_modules\\typescript',
297 silly reify   'C:\\Users\\SecurityManager\\Desktop\\tstplotconnect\\frontend-user\\node_modules\\.bin\\tsc',
297 silly reify   'C:\\Users\\SecurityManager\\Desktop\\tstplotconnect\\frontend-user\\node_modules\\.bin\\tsc.cmd',
297 silly reify   'C:\\Users\\SecurityManager\\Desktop\\tstplotconnect\\frontend-user\\node_modules\\.bin\\tsc.ps1',
297 silly reify   'C:\\Users\\SecurityManager\\Desktop\\tstplotconnect\\frontend-user\\node_modules\\.bin\\tsserver',
297 silly reify   'C:\\Users\\SecurityManager\\Desktop\\tstplotconnect\\frontend-user\\node_modules\\.bin\\tsserver.cmd',
297 silly reify   'C:\\Users\\SecurityManager\\Desktop\\tstplotconnect\\frontend-user\\node_modules\\.bin\\tsserver.ps1'
297 silly reify ]
298 silly reify mark retired [
298 silly reify   'C:\\Users\\SecurityManager\\Desktop\\tstplotconnect\\frontend-user\\node_modules\\which',
298 silly reify   'C:\\Users\\SecurityManager\\Desktop\\tstplotconnect\\frontend-user\\node_modules\\.bin\\node-which',
298 silly reify   'C:\\Users\\SecurityManager\\Desktop\\tstplotconnect\\frontend-user\\node_modules\\.bin\\node-which.cmd',
298 silly reify   'C:\\Users\\SecurityManager\\Desktop\\tstplotconnect\\frontend-user\\node_modules\\.bin\\node-which.ps1'
298 silly reify ]
299 silly reify moves {
299 silly reify   'C:\\Users\\SecurityManager\\Desktop\\tstplotconnect\\frontend-user\\node_modules\\acorn-jsx': 'C:\\Users\\SecurityManager\\Desktop\\tstplotconnect\\frontend-user\\node_modules\\.acorn-jsx-V5KZJx9v',
299 silly reify   'C:\\Users\\SecurityManager\\Desktop\\tstplotconnect\\frontend-user\\node_modules\\ajv': 'C:\\Users\\SecurityManager\\Desktop\\tstplotconnect\\frontend-user\\node_modules\\.ajv-cj1hrWII',
299 silly reify   'C:\\Users\\SecurityManager\\Desktop\\tstplotconnect\\frontend-user\\node_modules\\ansi-styles': 'C:\\Users\\SecurityManager\\Desktop\\tstplotconnect\\frontend-user\\node_modules\\.ansi-styles-AciERKa3',
299 silly reify   'C:\\Users\\SecurityManager\\Desktop\\tstplotconnect\\frontend-user\\node_modules\\aria-query': 'C:\\Users\\SecurityManager\\Desktop\\tstplotconnect\\frontend-user\\node_modules\\.aria-query-kNUKFpl8',
299 silly reify   'C:\\Users\\SecurityManager\\Desktop\\tstplotconnect\\frontend-user\\node_modules\\array-buffer-byte-length': 'C:\\Users\\SecurityManager\\Desktop\\tstplotconnect\\frontend-user\\node_modules\\.array-buffer-byte-length-XCTqkasp',
299 silly reify   'C:\\Users\\SecurityManager\\Desktop\\tstplotconnect\\frontend-user\\node_modules\\array-includes': 'C:\\Users\\SecurityManager\\Desktop\\tstplotconnect\\frontend-user\\node_modules\\.array-includes-qhTyUKbD',
299 silly reify   'C:\\Users\\SecurityManager\\Desktop\\tstplotconnect\\frontend-user\\node_modules\\array.prototype.findlast': 'C:\\Users\\SecurityManager\\Desktop\\tstplotconnect\\frontend-user\\node_modules\\.array.prototype.findlast-qKsbPGkB',
299 silly reify   'C:\\Users\\SecurityManager\\Desktop\\tstplotconnect\\frontend-user\\node_modules\\array.prototype.findlastindex': 'C:\\Users\\SecurityManager\\Desktop\\tstplotconnect\\frontend-user\\node_modules\\.array.prototype.findlastindex-sni3AMY8',
299 silly reify   'C:\\Users\\SecurityManager\\Desktop\\tstplotconnect\\frontend-user\\node_modules\\array.prototype.flat': 'C:\\Users\\SecurityManager\\Desktop\\tstplotconnect\\frontend-user\\node_modules\\.array.prototype.flat-yc5OaNMK',
299 silly reify   'C:\\Users\\SecurityManager\\Desktop\\tstplotconnect\\frontend-user\\node_modules\\array.prototype.flatmap': 'C:\\Users\\SecurityManager\\Desktop\\tstplotconnect\\frontend-user\\node_modules\\.array.prototype.flatmap-ATntShJg',
299 silly reify   'C:\\Users\\SecurityManager\\Desktop\\tstplotconnect\\frontend-user\\node_modules\\arraybuffer.prototype.slice': 'C:\\Users\\SecurityManager\\Desktop\\tstplotconnect\\frontend-user\\node_modules\\.arraybuffer.prototype.slice-O5u2Hk9N',
299 silly reify   'C:\\Users\\SecurityManager\\Desktop\\tstplotconnect\\frontend-user\\node_modules\\array.prototype.tosorted': 'C:\\Users\\SecurityManager\\Desktop\\tstplotconnect\\frontend-user\\node_modules\\.array.prototype.tosorted-fKv6mDxo',
299 silly reify   'C:\\Users\\SecurityManager\\Desktop\\tstplotconnect\\frontend-user\\node_modules\\ast-types-flow': 'C:\\Users\\SecurityManager\\Desktop\\tstplotconnect\\frontend-user\\node_modules\\.ast-types-flow-eig3YCk2',
299 silly reify   'C:\\Users\\SecurityManager\\Desktop\\tstplotconnect\\frontend-user\\node_modules\\async-function': 'C:\\Users\\SecurityManager\\Desktop\\tstplotconnect\\frontend-user\\node_modules\\.async-function-ekuhHlnV',
299 silly reify   'C:\\Users\\SecurityManager\\Desktop\\tstplotconnect\\frontend-user\\node_modules\\available-typed-arrays': 'C:\\Users\\SecurityManager\\Desktop\\tstplotconnect\\frontend-user\\node_modules\\.available-typed-arrays-7Ew2NEC7',
299 silly reify   'C:\\Users\\SecurityManager\\Desktop\\tstplotconnect\\frontend-user\\node_modules\\axe-core': 'C:\\Users\\SecurityManager\\Desktop\\tstplotconnect\\frontend-user\\node_modules\\.axe-core-tpbDtuYZ',
299 silly reify   'C:\\Users\\SecurityManager\\Desktop\\tstplotconnect\\frontend-user\\node_modules\\axobject-query': 'C:\\Users\\SecurityManager\\Desktop\\tstplotconnect\\frontend-user\\node_modules\\.axobject-query-ZsfbuFwj',
299 silly reify   'C:\\Users\\SecurityManager\\Desktop\\tstplotconnect\\frontend-user\\node_modules\\call-bind': 'C:\\Users\\SecurityManager\\Desktop\\tstplotconnect\\frontend-user\\node_modules\\.call-bind-W44M8Y0H',
299 silly reify   'C:\\Users\\SecurityManager\\Desktop\\tstplotconnect\\frontend-user\\node_modules\\call-bound': 'C:\\Users\\SecurityManager\\Desktop\\tstplotconnect\\frontend-user\\node_modules\\.call-bound-lQU3N6v9',
299 silly reify   'C:\\Users\\SecurityManager\\Desktop\\tstplotconnect\\frontend-user\\node_modules\\callsites': 'C:\\Users\\SecurityManager\\Desktop\\tstplotconnect\\frontend-user\\node_modules\\.callsites-5zdKbXFp',
299 silly reify   'C:\\Users\\SecurityManager\\Desktop\\tstplotconnect\\frontend-user\\node_modules\\caniuse-lite': 'C:\\Users\\SecurityManager\\Desktop\\tstplotconnect\\frontend-user\\node_modules\\.caniuse-lite-Fey1NC91',
299 silly reify   'C:\\Users\\SecurityManager\\Desktop\\tstplotconnect\\frontend-user\\node_modules\\chalk': 'C:\\Users\\SecurityManager\\Desktop\\tstplotconnect\\frontend-user\\node_modules\\.chalk-eb2kaMwh',
299 silly reify   'C:\\Users\\SecurityManager\\Desktop\\tstplotconnect\\frontend-user\\node_modules\\client-only': 'C:\\Users\\SecurityManager\\Desktop\\tstplotconnect\\frontend-user\\node_modules\\.client-only-PnWfyIsl',
299 silly reify   'C:\\Users\\SecurityManager\\Desktop\\tstplotconnect\\frontend-user\\node_modules\\color-convert': 'C:\\Users\\SecurityManager\\Desktop\\tstplotconnect\\frontend-user\\node_modules\\.color-convert-AaNaVNgr',
299 silly reify   'C:\\Users\\SecurityManager\\Desktop\\tstplotconnect\\frontend-user\\node_modules\\color-name': 'C:\\Users\\SecurityManager\\Desktop\\tstplotconnect\\frontend-user\\node_modules\\.color-name-yib2uaFy',
299 silly reify   'C:\\Users\\SecurityManager\\Desktop\\tstplotconnect\\frontend-user\\node_modules\\csstype': 'C:\\Users\\SecurityManager\\Desktop\\tstplotconnect\\frontend-user\\node_modules\\.csstype-ozfym4mz',
299 silly reify   'C:\\Users\\SecurityManager\\Desktop\\tstplotconnect\\frontend-user\\node_modules\\damerau-levenshtein': 'C:\\Users\\SecurityManager\\Desktop\\tstplotconnect\\frontend-user\\node_modules\\.damerau-levenshtein-FcKAkKI8',
299 silly reify   'C:\\Users\\SecurityManager\\Desktop\\tstplotconnect\\frontend-user\\node_modules\\data-view-buffer': 'C:\\Users\\SecurityManager\\Desktop\\tstplotconnect\\frontend-user\\node_modules\\.data-view-buffer-kCQR970O',
299 silly reify   'C:\\Users\\SecurityManager\\Desktop\\tstplotconnect\\frontend-user\\node_modules\\data-view-byte-length': 'C:\\Users\\SecurityManager\\Desktop\\tstplotconnect\\frontend-user\\node_modules\\.data-view-byte-length-JugDwj4c',
299 silly reify   'C:\\Users\\SecurityManager\\Desktop\\tstplotconnect\\frontend-user\\node_modules\\data-view-byte-offset': 'C:\\Users\\SecurityManager\\Desktop\\tstplotconnect\\frontend-user\\node_modules\\.data-view-byte-offset-wCQacBaG',
299 silly reify   'C:\\Users\\SecurityManager\\Desktop\\tstplotconnect\\frontend-user\\node_modules\\deep-is': 'C:\\Users\\SecurityManager\\Desktop\\tstplotconnect\\frontend-user\\node_modules\\.deep-is-yKZmCsl1',
299 silly reify   'C:\\Users\\SecurityManager\\Desktop\\tstplotconnect\\frontend-user\\node_modules\\define-data-property': 'C:\\Users\\SecurityManager\\Desktop\\tstplotconnect\\frontend-user\\node_modules\\.define-data-property-IhY654Ot',
299 silly reify   'C:\\Users\\SecurityManager\\Desktop\\tstplotconnect\\frontend-user\\node_modules\\define-properties': 'C:\\Users\\SecurityManager\\Desktop\\tstplotconnect\\frontend-user\\node_modules\\.define-properties-BnyzUp8Z',
299 silly reify   'C:\\Users\\SecurityManager\\Desktop\\tstplotconnect\\frontend-user\\node_modules\\doctrine': 'C:\\Users\\SecurityManager\\Desktop\\tstplotconnect\\frontend-user\\node_modules\\.doctrine-PjOrOksH',
299 silly reify   'C:\\Users\\SecurityManager\\Desktop\\tstplotconnect\\frontend-user\\node_modules\\es-abstract': 'C:\\Users\\SecurityManager\\Desktop\\tstplotconnect\\frontend-user\\node_modules\\.es-abstract-2kaCLqh8',
299 silly reify   'C:\\Users\\SecurityManager\\Desktop\\tstplotconnect\\frontend-user\\node_modules\\emoji-regex': 'C:\\Users\\SecurityManager\\Desktop\\tstplotconnect\\frontend-user\\node_modules\\.emoji-regex-0dJykEWN',
299 silly reify   'C:\\Users\\SecurityManager\\Desktop\\tstplotconnect\\frontend-user\\node_modules\\es-iterator-helpers': 'C:\\Users\\SecurityManager\\Desktop\\tstplotconnect\\frontend-user\\node_modules\\.es-iterator-helpers-TlzlGSt0',
299 silly reify   'C:\\Users\\SecurityManager\\Desktop\\tstplotconnect\\frontend-user\\node_modules\\es-shim-unscopables': 'C:\\Users\\SecurityManager\\Desktop\\tstplotconnect\\frontend-user\\node_modules\\.es-shim-unscopables-NxLmstmr',
299 silly reify   'C:\\Users\\SecurityManager\\Desktop\\tstplotconnect\\frontend-user\\node_modules\\es-to-primitive': 'C:\\Users\\SecurityManager\\Desktop\\tstplotconnect\\frontend-user\\node_modules\\.es-to-primitive-kLWhVChv',
299 silly reify   'C:\\Users\\SecurityManager\\Desktop\\tstplotconnect\\frontend-user\\node_modules\\escape-string-regexp': 'C:\\Users\\SecurityManager\\Desktop\\tstplotconnect\\frontend-user\\node_modules\\.escape-string-regexp-aKZ7bXWg',
299 silly reify   'C:\\Users\\SecurityManager\\Desktop\\tstplotconnect\\frontend-user\\node_modules\\eslint': 'C:\\Users\\SecurityManager\\Desktop\\tstplotconnect\\frontend-user\\node_modules\\.eslint-IbNgEpL5',
299 silly reify   'C:\\Users\\SecurityManager\\Desktop\\tstplotconnect\\frontend-user\\node_modules\\eslint-config-next': 'C:\\Users\\SecurityManager\\Desktop\\tstplotconnect\\frontend-user\\node_modules\\.eslint-config-next-SC4Fkp9I',
299 silly reify   'C:\\Users\\SecurityManager\\Desktop\\tstplotconnect\\frontend-user\\node_modules\\eslint-import-resolver-node': 'C:\\Users\\SecurityManager\\Desktop\\tstplotconnect\\frontend-user\\node_modules\\.eslint-import-resolver-node-PO0WmPq9',
299 silly reify   'C:\\Users\\SecurityManager\\Desktop\\tstplotconnect\\frontend-user\\node_modules\\eslint-import-resolver-typescript': 'C:\\Users\\SecurityManager\\Desktop\\tstplotconnect\\frontend-user\\node_modules\\.eslint-import-resolver-typescript-MZo3ZmRz',
299 silly reify   'C:\\Users\\SecurityManager\\Desktop\\tstplotconnect\\frontend-user\\node_modules\\eslint-module-utils': 'C:\\Users\\SecurityManager\\Desktop\\tstplotconnect\\frontend-user\\node_modules\\.eslint-module-utils-K3hl3eKD',
299 silly reify   'C:\\Users\\SecurityManager\\Desktop\\tstplotconnect\\frontend-user\\node_modules\\eslint-plugin-import': 'C:\\Users\\SecurityManager\\Desktop\\tstplotconnect\\frontend-user\\node_modules\\.eslint-plugin-import-SvyaNk1X',
299 silly reify   'C:\\Users\\SecurityManager\\Desktop\\tstplotconnect\\frontend-user\\node_modules\\eslint-plugin-jsx-a11y': 'C:\\Users\\SecurityManager\\Desktop\\tstplotconnect\\frontend-user\\node_modules\\.eslint-plugin-jsx-a11y-J2Mgpm5S',
299 silly reify   'C:\\Users\\SecurityManager\\Desktop\\tstplotconnect\\frontend-user\\node_modules\\eslint-plugin-react': 'C:\\Users\\SecurityManager\\Desktop\\tstplotconnect\\frontend-user\\node_modules\\.eslint-plugin-react-tq9qmiG8',
299 silly reify   'C:\\Users\\SecurityManager\\Desktop\\tstplotconnect\\frontend-user\\node_modules\\eslint-plugin-react-hooks': 'C:\\Users\\SecurityManager\\Desktop\\tstplotconnect\\frontend-user\\node_modules\\.eslint-plugin-react-hooks-b53gYahk',
299 silly reify   'C:\\Users\\SecurityManager\\Desktop\\tstplotconnect\\frontend-user\\node_modules\\eslint-scope': 'C:\\Users\\SecurityManager\\Desktop\\tstplotconnect\\frontend-user\\node_modules\\.eslint-scope-sDgXmsLp',
299 silly reify   'C:\\Users\\SecurityManager\\Desktop\\tstplotconnect\\frontend-user\\node_modules\\eslint-visitor-keys': 'C:\\Users\\SecurityManager\\Desktop\\tstplotconnect\\frontend-user\\node_modules\\.eslint-visitor-keys-lsOs9ROJ',
299 silly reify   'C:\\Users\\SecurityManager\\Desktop\\tstplotconnect\\frontend-user\\node_modules\\espree': 'C:\\Users\\SecurityManager\\Desktop\\tstplotconnect\\frontend-user\\node_modules\\.espree-N2WkEDBD',
299 silly reify   'C:\\Users\\SecurityManager\\Desktop\\tstplotconnect\\frontend-user\\node_modules\\esquery': 'C:\\Users\\SecurityManager\\Desktop\\tstplotconnect\\frontend-user\\node_modules\\.esquery-kDKlP7Dm',
299 silly reify   'C:\\Users\\SecurityManager\\Desktop\\tstplotconnect\\frontend-user\\node_modules\\esrecurse': 'C:\\Users\\SecurityManager\\Desktop\\tstplotconnect\\frontend-user\\node_modules\\.esrecurse-SfPOjkAM',
299 silly reify   'C:\\Users\\SecurityManager\\Desktop\\tstplotconnect\\frontend-user\\node_modules\\fast-glob': 'C:\\Users\\SecurityManager\\Desktop\\tstplotconnect\\frontend-user\\node_modules\\.fast-glob-YKj2lM3v',
299 silly reify   'C:\\Users\\SecurityManager\\Desktop\\tstplotconnect\\frontend-user\\node_modules\\fast-json-stable-stringify': 'C:\\Users\\SecurityManager\\Desktop\\tstplotconnect\\frontend-user\\node_modules\\.fast-json-stable-stringify-EY7MEZ59',
299 silly reify   'C:\\Users\\SecurityManager\\Desktop\\tstplotconnect\\frontend-user\\node_modules\\fast-levenshtein': 'C:\\Users\\SecurityManager\\Desktop\\tstplotconnect\\frontend-user\\node_modules\\.fast-levenshtein-A9ncOLLX',
299 silly reify   'C:\\Users\\SecurityManager\\Desktop\\tstplotconnect\\frontend-user\\node_modules\\file-entry-cache': 'C:\\Users\\SecurityManager\\Desktop\\tstplotconnect\\frontend-user\\node_modules\\.file-entry-cache-MLAuyxex',
299 silly reify   'C:\\Users\\SecurityManager\\Desktop\\tstplotconnect\\frontend-user\\node_modules\\find-up': 'C:\\Users\\SecurityManager\\Desktop\\tstplotconnect\\frontend-user\\node_modules\\.find-up-FP5MaSmO',
299 silly reify   'C:\\Users\\SecurityManager\\Desktop\\tstplotconnect\\frontend-user\\node_modules\\flat-cache': 'C:\\Users\\SecurityManager\\Desktop\\tstplotconnect\\frontend-user\\node_modules\\.flat-cache-TEjcKBC0',
299 silly reify   'C:\\Users\\SecurityManager\\Desktop\\tstplotconnect\\frontend-user\\node_modules\\flatted': 'C:\\Users\\SecurityManager\\Desktop\\tstplotconnect\\frontend-user\\node_modules\\.flatted-xExDFl39',
299 silly reify   'C:\\Users\\SecurityManager\\Desktop\\tstplotconnect\\frontend-user\\node_modules\\for-each': 'C:\\Users\\SecurityManager\\Desktop\\tstplotconnect\\frontend-user\\node_modules\\.for-each-ta0v4vld',
299 silly reify   'C:\\Users\\SecurityManager\\Desktop\\tstplotconnect\\frontend-user\\node_modules\\function.prototype.name': 'C:\\Users\\SecurityManager\\Desktop\\tstplotconnect\\frontend-user\\node_modules\\.function.prototype.name-3gUpsAfV',
299 silly reify   'C:\\Users\\SecurityManager\\Desktop\\tstplotconnect\\frontend-user\\node_modules\\functions-have-names': 'C:\\Users\\SecurityManager\\Desktop\\tstplotconnect\\frontend-user\\node_modules\\.functions-have-names-jH1bBiDV',
299 silly reify   'C:\\Users\\SecurityManager\\Desktop\\tstplotconnect\\frontend-user\\node_modules\\generator-function': 'C:\\Users\\SecurityManager\\Desktop\\tstplotconnect\\frontend-user\\node_modules\\.generator-function-WPUnXl42',
299 silly reify   'C:\\Users\\SecurityManager\\Desktop\\tstplotconnect\\frontend-user\\node_modules\\get-symbol-description': 'C:\\Users\\SecurityManager\\Desktop\\tstplotconnect\\frontend-user\\node_modules\\.get-symbol-description-gE7zNseq',
299 silly reify   'C:\\Users\\SecurityManager\\Desktop\\tstplotconnect\\frontend-user\\node_modules\\glob-parent': 'C:\\Users\\SecurityManager\\Desktop\\tstplotconnect\\frontend-user\\node_modules\\.glob-parent-svdgNguN',
299 silly reify   'C:\\Users\\SecurityManager\\Desktop\\tstplotconnect\\frontend-user\\node_modules\\globals': 'C:\\Users\\SecurityManager\\Desktop\\tstplotconnect\\frontend-user\\node_modules\\.globals-tOt16AQU',
299 silly reify   'C:\\Users\\SecurityManager\\Desktop\\tstplotconnect\\frontend-user\\node_modules\\globalthis': 'C:\\Users\\SecurityManager\\Desktop\\tstplotconnect\\frontend-user\\node_modules\\.globalthis-48qs6MMF',
299 silly reify   'C:\\Users\\SecurityManager\\Desktop\\tstplotconnect\\frontend-user\\node_modules\\has-bigints': 'C:\\Users\\SecurityManager\\Desktop\\tstplotconnect\\frontend-user\\node_modules\\.has-bigints-pIZX6HxL',
299 silly reify   'C:\\Users\\SecurityManager\\Desktop\\tstplotconnect\\frontend-user\\node_modules\\has-flag': 'C:\\Users\\SecurityManager\\Desktop\\tstplotconnect\\frontend-user\\node_modules\\.has-flag-QgMDdxVv',
299 silly reify   'C:\\Users\\SecurityManager\\Desktop\\tstplotconnect\\frontend-user\\node_modules\\has-property-descriptors': 'C:\\Users\\SecurityManager\\Desktop\\tstplotconnect\\frontend-user\\node_modules\\.has-property-descriptors-Je1w0ev3',
299 silly reify   'C:\\Users\\SecurityManager\\Desktop\\tstplotconnect\\frontend-user\\node_modules\\has-proto': 'C:\\Users\\SecurityManager\\Desktop\\tstplotconnect\\frontend-user\\node_modules\\.has-proto-RxKueZfK',
299 silly reify   'C:\\Users\\SecurityManager\\Desktop\\tstplotconnect\\frontend-user\\node_modules\\hasown': 'C:\\Users\\SecurityManager\\Desktop\\tstplotconnect\\frontend-user\\node_modules\\.hasown-ONKETyt6',
299 silly reify   'C:\\Users\\SecurityManager\\Desktop\\tstplotconnect\\frontend-user\\node_modules\\ignore': 'C:\\Users\\SecurityManager\\Desktop\\tstplotconnect\\frontend-user\\node_modules\\.ignore-Gd69yV5F',
299 silly reify   'C:\\Users\\SecurityManager\\Desktop\\tstplotconnect\\frontend-user\\node_modules\\import-fresh': 'C:\\Users\\SecurityManager\\Desktop\\tstplotconnect\\frontend-user\\node_modules\\.import-fresh-HJch3pVy',
299 silly reify   'C:\\Users\\SecurityManager\\Desktop\\tstplotconnect\\frontend-user\\node_modules\\imurmurhash': 'C:\\Users\\SecurityManager\\Desktop\\tstplotconnect\\frontend-user\\node_modules\\.imurmurhash-ilmmIyuO',
299 silly reify   'C:\\Users\\SecurityManager\\Desktop\\tstplotconnect\\frontend-user\\node_modules\\internal-slot': 'C:\\Users\\SecurityManager\\Desktop\\tstplotconnect\\frontend-user\\node_modules\\.internal-slot-4rnvZGtZ',
299 silly reify   'C:\\Users\\SecurityManager\\Desktop\\tstplotconnect\\frontend-user\\node_modules\\is-array-buffer': 'C:\\Users\\SecurityManager\\Desktop\\tstplotconnect\\frontend-user\\node_modules\\.is-array-buffer-Ukjlxxy8',
299 silly reify   'C:\\Users\\SecurityManager\\Desktop\\tstplotconnect\\frontend-user\\node_modules\\is-async-function': 'C:\\Users\\SecurityManager\\Desktop\\tstplotconnect\\frontend-user\\node_modules\\.is-async-function-rrAuDyoM',
299 silly reify   'C:\\Users\\SecurityManager\\Desktop\\tstplotconnect\\frontend-user\\node_modules\\is-bigint': 'C:\\Users\\SecurityManager\\Desktop\\tstplotconnect\\frontend-user\\node_modules\\.is-bigint-bn6HYMHZ',
299 silly reify   'C:\\Users\\SecurityManager\\Desktop\\tstplotconnect\\frontend-user\\node_modules\\is-boolean-object': 'C:\\Users\\SecurityManager\\Desktop\\tstplotconnect\\frontend-user\\node_modules\\.is-boolean-object-Bjw30BFN',
299 silly reify   'C:\\Users\\SecurityManager\\Desktop\\tstplotconnect\\frontend-user\\node_modules\\is-bun-module': 'C:\\Users\\SecurityManager\\Desktop\\tstplotconnect\\frontend-user\\node_modules\\.is-bun-module-m0aFcBAn',
299 silly reify   'C:\\Users\\SecurityManager\\Desktop\\tstplotconnect\\frontend-user\\node_modules\\is-callable': 'C:\\Users\\SecurityManager\\Desktop\\tstplotconnect\\frontend-user\\node_modules\\.is-callable-cU9h6dTX',
299 silly reify   'C:\\Users\\SecurityManager\\Desktop\\tstplotconnect\\frontend-user\\node_modules\\is-core-module': 'C:\\Users\\SecurityManager\\Desktop\\tstplotconnect\\frontend-user\\node_modules\\.is-core-module-WJkRpjCr',
299 silly reify   'C:\\Users\\SecurityManager\\Desktop\\tstplotconnect\\frontend-user\\node_modules\\is-data-view': 'C:\\Users\\SecurityManager\\Desktop\\tstplotconnect\\frontend-user\\node_modules\\.is-data-view-SELVzMxp',
299 silly reify   'C:\\Users\\SecurityManager\\Desktop\\tstplotconnect\\frontend-user\\node_modules\\is-date-object': 'C:\\Users\\SecurityManager\\Desktop\\tstplotconnect\\frontend-user\\node_modules\\.is-date-object-GTvPDbHR',
299 silly reify   'C:\\Users\\SecurityManager\\Desktop\\tstplotconnect\\frontend-user\\node_modules\\is-finalizationregistry': 'C:\\Users\\SecurityManager\\Desktop\\tstplotconnect\\frontend-user\\node_modules\\.is-finalizationregistry-ai3HeupY',
299 silly reify   'C:\\Users\\SecurityManager\\Desktop\\tstplotconnect\\frontend-user\\node_modules\\is-generator-function': 'C:\\Users\\SecurityManager\\Desktop\\tstplotconnect\\frontend-user\\node_modules\\.is-generator-function-3oG88Agj',
299 silly reify   'C:\\Users\\SecurityManager\\Desktop\\tstplotconnect\\frontend-user\\node_modules\\is-map': 'C:\\Users\\SecurityManager\\Desktop\\tstplotconnect\\frontend-user\\node_modules\\.is-map-L0AqSt0H',
299 silly reify   'C:\\Users\\SecurityManager\\Desktop\\tstplotconnect\\frontend-user\\node_modules\\is-negative-zero': 'C:\\Users\\SecurityManager\\Desktop\\tstplotconnect\\frontend-user\\node_modules\\.is-negative-zero-keNbEp6T',
299 silly reify   'C:\\Users\\SecurityManager\\Desktop\\tstplotconnect\\frontend-user\\node_modules\\is-number-object': 'C:\\Users\\SecurityManager\\Desktop\\tstplotconnect\\frontend-user\\node_modules\\.is-number-object-kintCiaK',
299 silly reify   'C:\\Users\\SecurityManager\\Desktop\\tstplotconnect\\frontend-user\\node_modules\\is-regex': 'C:\\Users\\SecurityManager\\Desktop\\tstplotconnect\\frontend-user\\node_modules\\.is-regex-Hxybhacg',
299 silly reify   'C:\\Users\\SecurityManager\\Desktop\\tstplotconnect\\frontend-user\\node_modules\\is-set': 'C:\\Users\\SecurityManager\\Desktop\\tstplotconnect\\frontend-user\\node_modules\\.is-set-2gvE8O5V',
299 silly reify   'C:\\Users\\SecurityManager\\Desktop\\tstplotconnect\\frontend-user\\node_modules\\is-shared-array-buffer': 'C:\\Users\\SecurityManager\\Desktop\\tstplotconnect\\frontend-user\\node_modules\\.is-shared-array-buffer-rlxYcIIC',
299 silly reify   'C:\\Users\\SecurityManager\\Desktop\\tstplotconnect\\frontend-user\\node_modules\\is-string': 'C:\\Users\\SecurityManager\\Desktop\\tstplotconnect\\frontend-user\\node_modules\\.is-string-10Bp5tUo',
299 silly reify   'C:\\Users\\SecurityManager\\Desktop\\tstplotconnect\\frontend-user\\node_modules\\is-symbol': 'C:\\Users\\SecurityManager\\Desktop\\tstplotconnect\\frontend-user\\node_modules\\.is-symbol-BLBwxorB',
299 silly reify   'C:\\Users\\SecurityManager\\Desktop\\tstplotconnect\\frontend-user\\node_modules\\is-typed-array': 'C:\\Users\\SecurityManager\\Desktop\\tstplotconnect\\frontend-user\\node_modules\\.is-typed-array-89CQhUFZ',
299 silly reify   'C:\\Users\\SecurityManager\\Desktop\\tstplotconnect\\frontend-user\\node_modules\\is-weakmap': 'C:\\Users\\SecurityManager\\Desktop\\tstplotconnect\\frontend-user\\node_modules\\.is-weakmap-fyxehTjc',
299 silly reify   'C:\\Users\\SecurityManager\\Desktop\\tstplotconnect\\frontend-user\\node_modules\\is-weakref': 'C:\\Users\\SecurityManager\\Desktop\\tstplotconnect\\frontend-user\\node_modules\\.is-weakref-5IlbGmEU',
299 silly reify   'C:\\Users\\SecurityManager\\Desktop\\tstplotconnect\\frontend-user\\node_modules\\is-weakset': 'C:\\Users\\SecurityManager\\Desktop\\tstplotconnect\\frontend-user\\node_modules\\.is-weakset-G0IQuc26',
299 silly reify   'C:\\Users\\SecurityManager\\Desktop\\tstplotconnect\\frontend-user\\node_modules\\isarray': 'C:\\Users\\SecurityManager\\Desktop\\tstplotconnect\\frontend-user\\node_modules\\.isarray-Uyrdys6m',
299 silly reify   'C:\\Users\\SecurityManager\\Desktop\\tstplotconnect\\frontend-user\\node_modules\\iterator.prototype': 'C:\\Users\\SecurityManager\\Desktop\\tstplotconnect\\frontend-user\\node_modules\\.iterator.prototype-DPNA97Hu',
299 silly reify   'C:\\Users\\SecurityManager\\Desktop\\tstplotconnect\\frontend-user\\node_modules\\js-tokens': 'C:\\Users\\SecurityManager\\Desktop\\tstplotconnect\\frontend-user\\node_modules\\.js-tokens-yGtjCsE1',
299 silly reify   'C:\\Users\\SecurityManager\\Desktop\\tstplotconnect\\frontend-user\\node_modules\\json-buffer': 'C:\\Users\\SecurityManager\\Desktop\\tstplotconnect\\frontend-user\\node_modules\\.json-buffer-P8eK4UOX',
299 silly reify   'C:\\Users\\SecurityManager\\Desktop\\tstplotconnect\\frontend-user\\node_modules\\json-schema-traverse': 'C:\\Users\\SecurityManager\\Desktop\\tstplotconnect\\frontend-user\\node_modules\\.json-schema-traverse-ZMWauBBF',
299 silly reify   'C:\\Users\\SecurityManager\\Desktop\\tstplotconnect\\frontend-user\\node_modules\\json-stable-stringify-without-jsonify': 'C:\\Users\\SecurityManager\\Desktop\\tstplotconnect\\frontend-user\\node_modules\\.json-stable-stringify-without-jsonify-3eYhXbUI',
299 silly reify   'C:\\Users\\SecurityManager\\Desktop\\tstplotconnect\\frontend-user\\node_modules\\json5': 'C:\\Users\\SecurityManager\\Desktop\\tstplotconnect\\frontend-user\\node_modules\\.json5-uj8NxOcc',
299 silly reify   'C:\\Users\\SecurityManager\\Desktop\\tstplotconnect\\frontend-user\\node_modules\\jsx-ast-utils': 'C:\\Users\\SecurityManager\\Desktop\\tstplotconnect\\frontend-user\\node_modules\\.jsx-ast-utils-xuXMkHf0',
299 silly reify   'C:\\Users\\SecurityManager\\Desktop\\tstplotconnect\\frontend-user\\node_modules\\keyv': 'C:\\Users\\SecurityManager\\Desktop\\tstplotconnect\\frontend-user\\node_modules\\.keyv-ZlIVrCsR',
299 silly reify   'C:\\Users\\SecurityManager\\Desktop\\tstplotconnect\\frontend-user\\node_modules\\language-subtag-registry': 'C:\\Users\\SecurityManager\\Desktop\\tstplotconnect\\frontend-user\\node_modules\\.language-subtag-registry-DJeySl1g',
299 silly reify   'C:\\Users\\SecurityManager\\Desktop\\tstplotconnect\\frontend-user\\node_modules\\language-tags': 'C:\\Users\\SecurityManager\\Desktop\\tstplotconnect\\frontend-user\\node_modules\\.language-tags-XsWkHeCy',
299 silly reify   'C:\\Users\\SecurityManager\\Desktop\\tstplotconnect\\frontend-user\\node_modules\\levn': 'C:\\Users\\SecurityManager\\Desktop\\tstplotconnect\\frontend-user\\node_modules\\.levn-OHw8ATcR',
299 silly reify   'C:\\Users\\SecurityManager\\Desktop\\tstplotconnect\\frontend-user\\node_modules\\locate-path': 'C:\\Users\\SecurityManager\\Desktop\\tstplotconnect\\frontend-user\\node_modules\\.locate-path-KaHOlSAu',
299 silly reify   'C:\\Users\\SecurityManager\\Desktop\\tstplotconnect\\frontend-user\\node_modules\\lodash.merge': 'C:\\Users\\SecurityManager\\Desktop\\tstplotconnect\\frontend-user\\node_modules\\.lodash.merge-b10PBguD',
299 silly reify   'C:\\Users\\SecurityManager\\Desktop\\tstplotconnect\\frontend-user\\node_modules\\loose-envify': 'C:\\Users\\SecurityManager\\Desktop\\tstplotconnect\\frontend-user\\node_modules\\.loose-envify-F4XlDQRz',
299 silly reify   'C:\\Users\\SecurityManager\\Desktop\\tstplotconnect\\frontend-user\\node_modules\\minimist': 'C:\\Users\\SecurityManager\\Desktop\\tstplotconnect\\frontend-user\\node_modules\\.minimist-dBniFHr7',
299 silly reify   'C:\\Users\\SecurityManager\\Desktop\\tstplotconnect\\frontend-user\\node_modules\\nanoid': 'C:\\Users\\SecurityManager\\Desktop\\tstplotconnect\\frontend-user\\node_modules\\.nanoid-yraGSd6r',
299 silly reify   'C:\\Users\\SecurityManager\\Desktop\\tstplotconnect\\frontend-user\\node_modules\\napi-postinstall': 'C:\\Users\\SecurityManager\\Desktop\\tstplotconnect\\frontend-user\\node_modules\\.napi-postinstall-J48Wpmvs',
299 silly reify   'C:\\Users\\SecurityManager\\Desktop\\tstplotconnect\\frontend-user\\node_modules\\natural-compare': 'C:\\Users\\SecurityManager\\Desktop\\tstplotconnect\\frontend-user\\node_modules\\.natural-compare-cb3gQnSr',
299 silly reify   'C:\\Users\\SecurityManager\\Desktop\\tstplotconnect\\frontend-user\\node_modules\\next': 'C:\\Users\\SecurityManager\\Desktop\\tstplotconnect\\frontend-user\\node_modules\\.next-4hlgHvFq',
299 silly reify   'C:\\Users\\SecurityManager\\Desktop\\tstplotconnect\\frontend-user\\node_modules\\node-exports-info': 'C:\\Users\\SecurityManager\\Desktop\\tstplotconnect\\frontend-user\\node_modules\\.node-exports-info-5W8pTvBU',
299 silly reify   'C:\\Users\\SecurityManager\\Desktop\\tstplotconnect\\frontend-user\\node_modules\\object-assign': 'C:\\Users\\SecurityManager\\Desktop\\tstplotconnect\\frontend-user\\node_modules\\.object-assign-TTUyHpL0',
299 silly reify   'C:\\Users\\SecurityManager\\Desktop\\tstplotconnect\\frontend-user\\node_modules\\object-inspect': 'C:\\Users\\SecurityManager\\Desktop\\tstplotconnect\\frontend-user\\node_modules\\.object-inspect-2dCIpYfz',
299 silly reify   'C:\\Users\\SecurityManager\\Desktop\\tstplotconnect\\frontend-user\\node_modules\\object-keys': 'C:\\Users\\SecurityManager\\Desktop\\tstplotconnect\\frontend-user\\node_modules\\.object-keys-k5lTcJAI',
299 silly reify   'C:\\Users\\SecurityManager\\Desktop\\tstplotconnect\\frontend-user\\node_modules\\object.assign': 'C:\\Users\\SecurityManager\\Desktop\\tstplotconnect\\frontend-user\\node_modules\\.object.assign-YuRDffx3',
299 silly reify   'C:\\Users\\SecurityManager\\Desktop\\tstplotconnect\\frontend-user\\node_modules\\object.entries': 'C:\\Users\\SecurityManager\\Desktop\\tstplotconnect\\frontend-user\\node_modules\\.object.entries-3oV8DVoT',
299 silly reify   'C:\\Users\\SecurityManager\\Desktop\\tstplotconnect\\frontend-user\\node_modules\\object.fromentries': 'C:\\Users\\SecurityManager\\Desktop\\tstplotconnect\\frontend-user\\node_modules\\.object.fromentries-2XeRo7ml',
299 silly reify   'C:\\Users\\SecurityManager\\Desktop\\tstplotconnect\\frontend-user\\node_modules\\object.groupby': 'C:\\Users\\SecurityManager\\Desktop\\tstplotconnect\\frontend-user\\node_modules\\.object.groupby-6TzLdFmz',
299 silly reify   'C:\\Users\\SecurityManager\\Desktop\\tstplotconnect\\frontend-user\\node_modules\\object.values': 'C:\\Users\\SecurityManager\\Desktop\\tstplotconnect\\frontend-user\\node_modules\\.object.values-kujd7gAz',
299 silly reify   'C:\\Users\\SecurityManager\\Desktop\\tstplotconnect\\frontend-user\\node_modules\\optionator': 'C:\\Users\\SecurityManager\\Desktop\\tstplotconnect\\frontend-user\\node_modules\\.optionator-FdiJQg9c',
299 silly reify   'C:\\Users\\SecurityManager\\Desktop\\tstplotconnect\\frontend-user\\node_modules\\own-keys': 'C:\\Users\\SecurityManager\\Desktop\\tstplotconnect\\frontend-user\\node_modules\\.own-keys-kZvDotc4',
299 silly reify   'C:\\Users\\SecurityManager\\Desktop\\tstplotconnect\\frontend-user\\node_modules\\p-limit': 'C:\\Users\\SecurityManager\\Desktop\\tstplotconnect\\frontend-user\\node_modules\\.p-limit-ucj3j3pu',
299 silly reify   'C:\\Users\\SecurityManager\\Desktop\\tstplotconnect\\frontend-user\\node_modules\\p-locate': 'C:\\Users\\SecurityManager\\Desktop\\tstplotconnect\\frontend-user\\node_modules\\.p-locate-2yfkjoEj',
299 silly reify   'C:\\Users\\SecurityManager\\Desktop\\tstplotconnect\\frontend-user\\node_modules\\parent-module': 'C:\\Users\\SecurityManager\\Desktop\\tstplotconnect\\frontend-user\\node_modules\\.parent-module-aWYzTJ2H',
299 silly reify   'C:\\Users\\SecurityManager\\Desktop\\tstplotconnect\\frontend-user\\node_modules\\path-exists': 'C:\\Users\\SecurityManager\\Desktop\\tstplotconnect\\frontend-user\\node_modules\\.path-exists-xRQ08va7',
299 silly reify   'C:\\Users\\SecurityManager\\Desktop\\tstplotconnect\\frontend-user\\node_modules\\path-parse': 'C:\\Users\\SecurityManager\\Desktop\\tstplotconnect\\frontend-user\\node_modules\\.path-parse-WOGsLiy6',
299 silly reify   'C:\\Users\\SecurityManager\\Desktop\\tstplotconnect\\frontend-user\\node_modules\\possible-typed-array-names': 'C:\\Users\\SecurityManager\\Desktop\\tstplotconnect\\frontend-user\\node_modules\\.possible-typed-array-names-J4oMYRMw',
299 silly reify   'C:\\Users\\SecurityManager\\Desktop\\tstplotconnect\\frontend-user\\node_modules\\postcss': 'C:\\Users\\SecurityManager\\Desktop\\tstplotconnect\\frontend-user\\node_modules\\.postcss-01gDyYEn',
299 silly reify   'C:\\Users\\SecurityManager\\Desktop\\tstplotconnect\\frontend-user\\node_modules\\prelude-ls': 'C:\\Users\\SecurityManager\\Desktop\\tstplotconnect\\frontend-user\\node_modules\\.prelude-ls-tVXpCjBf',
299 silly reify   'C:\\Users\\SecurityManager\\Desktop\\tstplotconnect\\frontend-user\\node_modules\\prop-types': 'C:\\Users\\SecurityManager\\Desktop\\tstplotconnect\\frontend-user\\node_modules\\.prop-types-NIt7wVE7',
299 silly reify   'C:\\Users\\SecurityManager\\Desktop\\tstplotconnect\\frontend-user\\node_modules\\react': 'C:\\Users\\SecurityManager\\Desktop\\tstplotconnect\\frontend-user\\node_modules\\.react-AHYJCp6i',
299 silly reify   'C:\\Users\\SecurityManager\\Desktop\\tstplotconnect\\frontend-user\\node_modules\\react-dom': 'C:\\Users\\SecurityManager\\Desktop\\tstplotconnect\\frontend-user\\node_modules\\.react-dom-EVZKmP6l',
299 silly reify   'C:\\Users\\SecurityManager\\Desktop\\tstplotconnect\\frontend-user\\node_modules\\react-is': 'C:\\Users\\SecurityManager\\Desktop\\tstplotconnect\\frontend-user\\node_modules\\.react-is-5JYPOIW1',
299 silly reify   'C:\\Users\\SecurityManager\\Desktop\\tstplotconnect\\frontend-user\\node_modules\\reflect.getprototypeof': 'C:\\Users\\SecurityManager\\Desktop\\tstplotconnect\\frontend-user\\node_modules\\.reflect.getprototypeof-rx25SH5B',
299 silly reify   'C:\\Users\\SecurityManager\\Desktop\\tstplotconnect\\frontend-user\\node_modules\\regexp.prototype.flags': 'C:\\Users\\SecurityManager\\Desktop\\tstplotconnect\\frontend-user\\node_modules\\.regexp.prototype.flags-fum7hsj2',
299 silly reify   'C:\\Users\\SecurityManager\\Desktop\\tstplotconnect\\frontend-user\\node_modules\\resolve': 'C:\\Users\\SecurityManager\\Desktop\\tstplotconnect\\frontend-user\\node_modules\\.resolve-DFLmkCat',
299 silly reify   'C:\\Users\\SecurityManager\\Desktop\\tstplotconnect\\frontend-user\\node_modules\\resolve-from': 'C:\\Users\\SecurityManager\\Desktop\\tstplotconnect\\frontend-user\\node_modules\\.resolve-from-pob7lyXN',
299 silly reify   'C:\\Users\\SecurityManager\\Desktop\\tstplotconnect\\frontend-user\\node_modules\\safe-array-concat': 'C:\\Users\\SecurityManager\\Desktop\\tstplotconnect\\frontend-user\\node_modules\\.safe-array-concat-aaBUnXlW',
299 silly reify   'C:\\Users\\SecurityManager\\Desktop\\tstplotconnect\\frontend-user\\node_modules\\safe-push-apply': 'C:\\Users\\SecurityManager\\Desktop\\tstplotconnect\\frontend-user\\node_modules\\.safe-push-apply-CKqHhCb2',
299 silly reify   'C:\\Users\\SecurityManager\\Desktop\\tstplotconnect\\frontend-user\\node_modules\\safe-regex-test': 'C:\\Users\\SecurityManager\\Desktop\\tstplotconnect\\frontend-user\\node_modules\\.safe-regex-test-STZL4t97',
299 silly reify   'C:\\Users\\SecurityManager\\Desktop\\tstplotconnect\\frontend-user\\node_modules\\scheduler': 'C:\\Users\\SecurityManager\\Desktop\\tstplotconnect\\frontend-user\\node_modules\\.scheduler-Pkw3PR1n',
299 silly reify   'C:\\Users\\SecurityManager\\Desktop\\tstplotconnect\\frontend-user\\node_modules\\semver': 'C:\\Users\\SecurityManager\\Desktop\\tstplotconnect\\frontend-user\\node_modules\\.semver-muXhUABe',
299 silly reify   'C:\\Users\\SecurityManager\\Desktop\\tstplotconnect\\frontend-user\\node_modules\\set-function-length': 'C:\\Users\\SecurityManager\\Desktop\\tstplotconnect\\frontend-user\\node_modules\\.set-function-length-CqVtjD1Q',
299 silly reify   'C:\\Users\\SecurityManager\\Desktop\\tstplotconnect\\frontend-user\\node_modules\\set-function-name': 'C:\\Users\\SecurityManager\\Desktop\\tstplotconnect\\frontend-user\\node_modules\\.set-function-name-oIhb2zqy',
299 silly reify   'C:\\Users\\SecurityManager\\Desktop\\tstplotconnect\\frontend-user\\node_modules\\set-proto': 'C:\\Users\\SecurityManager\\Desktop\\tstplotconnect\\frontend-user\\node_modules\\.set-proto-T1qY5myS',
299 silly reify   'C:\\Users\\SecurityManager\\Desktop\\tstplotconnect\\frontend-user\\node_modules\\sharp': 'C:\\Users\\SecurityManager\\Desktop\\tstplotconnect\\frontend-user\\node_modules\\.sharp-1sbrjcld',
299 silly reify   'C:\\Users\\SecurityManager\\Desktop\\tstplotconnect\\frontend-user\\node_modules\\side-channel': 'C:\\Users\\SecurityManager\\Desktop\\tstplotconnect\\frontend-user\\node_modules\\.side-channel-Xo39hljc',
299 silly reify   'C:\\Users\\SecurityManager\\Desktop\\tstplotconnect\\frontend-user\\node_modules\\side-channel-list': 'C:\\Users\\SecurityManager\\Desktop\\tstplotconnect\\frontend-user\\node_modules\\.side-channel-list-uNJfbbuU',
299 silly reify   'C:\\Users\\SecurityManager\\Desktop\\tstplotconnect\\frontend-user\\node_modules\\side-channel-map': 'C:\\Users\\SecurityManager\\Desktop\\tstplotconnect\\frontend-user\\node_modules\\.side-channel-map-ks52TPr5',
299 silly reify   'C:\\Users\\SecurityManager\\Desktop\\tstplotconnect\\frontend-user\\node_modules\\side-channel-weakmap': 'C:\\Users\\SecurityManager\\Desktop\\tstplotconnect\\frontend-user\\node_modules\\.side-channel-weakmap-3bPwSjDZ',
299 silly reify   'C:\\Users\\SecurityManager\\Desktop\\tstplotconnect\\frontend-user\\node_modules\\source-map-js': 'C:\\Users\\SecurityManager\\Desktop\\tstplotconnect\\frontend-user\\node_modules\\.source-map-js-uzQgHEnf',
299 silly reify   'C:\\Users\\SecurityManager\\Desktop\\tstplotconnect\\frontend-user\\node_modules\\stable-hash': 'C:\\Users\\SecurityManager\\Desktop\\tstplotconnect\\frontend-user\\node_modules\\.stable-hash-z962BaC8',
299 silly reify   'C:\\Users\\SecurityManager\\Desktop\\tstplotconnect\\frontend-user\\node_modules\\stop-iteration-iterator': 'C:\\Users\\SecurityManager\\Desktop\\tstplotconnect\\frontend-user\\node_modules\\.stop-iteration-iterator-2kfJoZO0',
299 silly reify   'C:\\Users\\SecurityManager\\Desktop\\tstplotconnect\\frontend-user\\node_modules\\string.prototype.includes': 'C:\\Users\\SecurityManager\\Desktop\\tstplotconnect\\frontend-user\\node_modules\\.string.prototype.includes-nSROQWUJ',
299 silly reify   'C:\\Users\\SecurityManager\\Desktop\\tstplotconnect\\frontend-user\\node_modules\\string.prototype.matchall': 'C:\\Users\\SecurityManager\\Desktop\\tstplotconnect\\frontend-user\\node_modules\\.string.prototype.matchall-J5wH2g8K',
299 silly reify   'C:\\Users\\SecurityManager\\Desktop\\tstplotconnect\\frontend-user\\node_modules\\string.prototype.repeat': 'C:\\Users\\SecurityManager\\Desktop\\tstplotconnect\\frontend-user\\node_modules\\.string.prototype.repeat-xSUuwyVW',
299 silly reify   'C:\\Users\\SecurityManager\\Desktop\\tstplotconnect\\frontend-user\\node_modules\\string.prototype.trim': 'C:\\Users\\SecurityManager\\Desktop\\tstplotconnect\\frontend-user\\node_modules\\.string.prototype.trim-4eVGZjDt',
299 silly reify   'C:\\Users\\SecurityManager\\Desktop\\tstplotconnect\\frontend-user\\node_modules\\string.prototype.trimend': 'C:\\Users\\SecurityManager\\Desktop\\tstplotconnect\\frontend-user\\node_modules\\.string.prototype.trimend-zrK7gOpJ',
299 silly reify   'C:\\Users\\SecurityManager\\Desktop\\tstplotconnect\\frontend-user\\node_modules\\string.prototype.trimstart': 'C:\\Users\\SecurityManager\\Desktop\\tstplotconnect\\frontend-user\\node_modules\\.string.prototype.trimstart-Gmcz8e8H',
299 silly reify   'C:\\Users\\SecurityManager\\Desktop\\tstplotconnect\\frontend-user\\node_modules\\strip-bom': 'C:\\Users\\SecurityManager\\Desktop\\tstplotconnect\\frontend-user\\node_modules\\.strip-bom-5LUi0lEi',
299 silly reify   'C:\\Users\\SecurityManager\\Desktop\\tstplotconnect\\frontend-user\\node_modules\\strip-json-comments': 'C:\\Users\\SecurityManager\\Desktop\\tstplotconnect\\frontend-user\\node_modules\\.strip-json-comments-4q6EX6rJ',
299 silly reify   'C:\\Users\\SecurityManager\\Desktop\\tstplotconnect\\frontend-user\\node_modules\\styled-jsx': 'C:\\Users\\SecurityManager\\Desktop\\tstplotconnect\\frontend-user\\node_modules\\.styled-jsx-WDFbsE6U',
299 silly reify   'C:\\Users\\SecurityManager\\Desktop\\tstplotconnect\\frontend-user\\node_modules\\supports-color': 'C:\\Users\\SecurityManager\\Desktop\\tstplotconnect\\frontend-user\\node_modules\\.supports-color-5oDRnFST',
299 silly reify   'C:\\Users\\SecurityManager\\Desktop\\tstplotconnect\\frontend-user\\node_modules\\supports-preserve-symlinks-flag': 'C:\\Users\\SecurityManager\\Desktop\\tstplotconnect\\frontend-user\\node_modules\\.supports-preserve-symlinks-flag-o4VErUac',
299 silly reify   'C:\\Users\\SecurityManager\\Desktop\\tstplotconnect\\frontend-user\\node_modules\\tinyglobby': 'C:\\Users\\SecurityManager\\Desktop\\tstplotconnect\\frontend-user\\node_modules\\.tinyglobby-RSRWbp4o',
299 silly reify   'C:\\Users\\SecurityManager\\Desktop\\tstplotconnect\\frontend-user\\node_modules\\ts-api-utils': 'C:\\Users\\SecurityManager\\Desktop\\tstplotconnect\\frontend-user\\node_modules\\.ts-api-utils-nwGqML1d',
299 silly reify   'C:\\Users\\SecurityManager\\Desktop\\tstplotconnect\\frontend-user\\node_modules\\tsconfig-paths': 'C:\\Users\\SecurityManager\\Desktop\\tstplotconnect\\frontend-user\\node_modules\\.tsconfig-paths-M6JZ8l3n',
299 silly reify   'C:\\Users\\SecurityManager\\Desktop\\tstplotconnect\\frontend-user\\node_modules\\type-check': 'C:\\Users\\SecurityManager\\Desktop\\tstplotconnect\\frontend-user\\node_modules\\.type-check-ZYPh26Cz',
299 silly reify   'C:\\Users\\SecurityManager\\Desktop\\tstplotconnect\\frontend-user\\node_modules\\typed-array-buffer': 'C:\\Users\\SecurityManager\\Desktop\\tstplotconnect\\frontend-user\\node_modules\\.typed-array-buffer-i0CCfHVw',
299 silly reify   'C:\\Users\\SecurityManager\\Desktop\\tstplotconnect\\frontend-user\\node_modules\\typed-array-byte-length': 'C:\\Users\\SecurityManager\\Desktop\\tstplotconnect\\frontend-user\\node_modules\\.typed-array-byte-length-lxtRVdz3',
299 silly reify   'C:\\Users\\SecurityManager\\Desktop\\tstplotconnect\\frontend-user\\node_modules\\typed-array-byte-offset': 'C:\\Users\\SecurityManager\\Desktop\\tstplotconnect\\frontend-user\\node_modules\\.typed-array-byte-offset-23WLO9Kg',
299 silly reify   'C:\\Users\\SecurityManager\\Desktop\\tstplotconnect\\frontend-user\\node_modules\\typed-array-length': 'C:\\Users\\SecurityManager\\Desktop\\tstplotconnect\\frontend-user\\node_modules\\.typed-array-length-Rv6yGVNG',
299 silly reify   'C:\\Users\\SecurityManager\\Desktop\\tstplotconnect\\frontend-user\\node_modules\\unbox-primitive': 'C:\\Users\\SecurityManager\\Desktop\\tstplotconnect\\frontend-user\\node_modules\\.unbox-primitive-14jj3vHl',
299 silly reify   'C:\\Users\\SecurityManager\\Desktop\\tstplotconnect\\frontend-user\\node_modules\\unrs-resolver': 'C:\\Users\\SecurityManager\\Desktop\\tstplotconnect\\frontend-user\\node_modules\\.unrs-resolver-0KVMSlH7',
299 silly reify   'C:\\Users\\SecurityManager\\Desktop\\tstplotconnect\\frontend-user\\node_modules\\which-boxed-primitive': 'C:\\Users\\SecurityManager\\Desktop\\tstplotconnect\\frontend-user\\node_modules\\.which-boxed-primitive-iucIBjKU',
299 silly reify   'C:\\Users\\SecurityManager\\Desktop\\tstplotconnect\\frontend-user\\node_modules\\which-builtin-type': 'C:\\Users\\SecurityManager\\Desktop\\tstplotconnect\\frontend-user\\node_modules\\.which-builtin-type-SW31p3LR',
299 silly reify   'C:\\Users\\SecurityManager\\Desktop\\tstplotconnect\\frontend-user\\node_modules\\which-collection': 'C:\\Users\\SecurityManager\\Desktop\\tstplotconnect\\frontend-user\\node_modules\\.which-collection-xzMKs1lh',
299 silly reify   'C:\\Users\\SecurityManager\\Desktop\\tstplotconnect\\frontend-user\\node_modules\\which-typed-array': 'C:\\Users\\SecurityManager\\Desktop\\tstplotconnect\\frontend-user\\node_modules\\.which-typed-array-3t256aFU',
299 silly reify   'C:\\Users\\SecurityManager\\Desktop\\tstplotconnect\\frontend-user\\node_modules\\word-wrap': 'C:\\Users\\SecurityManager\\Desktop\\tstplotconnect\\frontend-user\\node_modules\\.word-wrap-3iObg9ky',
299 silly reify   'C:\\Users\\SecurityManager\\Desktop\\tstplotconnect\\frontend-user\\node_modules\\yocto-queue': 'C:\\Users\\SecurityManager\\Desktop\\tstplotconnect\\frontend-user\\node_modules\\.yocto-queue-8iq4KEbc',
299 silly reify   'C:\\Users\\SecurityManager\\Desktop\\tstplotconnect\\frontend-user\\node_modules\\@eslint\\config-array': 'C:\\Users\\SecurityManager\\Desktop\\tstplotconnect\\frontend-user\\node_modules\\@eslint\\.config-array-z4UmlYIF',
299 silly reify   'C:\\Users\\SecurityManager\\Desktop\\tstplotconnect\\frontend-user\\node_modules\\@eslint\\config-helpers': 'C:\\Users\\SecurityManager\\Desktop\\tstplotconnect\\frontend-user\\node_modules\\@eslint\\.config-helpers-tYRKdK27',
299 silly reify   'C:\\Users\\SecurityManager\\Desktop\\tstplotconnect\\frontend-user\\node_modules\\@eslint\\core': 'C:\\Users\\SecurityManager\\Desktop\\tstplotconnect\\frontend-user\\node_modules\\@eslint\\.core-kJPI1alr',
299 silly reify   'C:\\Users\\SecurityManager\\Desktop\\tstplotconnect\\frontend-user\\node_modules\\@eslint\\eslintrc': 'C:\\Users\\SecurityManager\\Desktop\\tstplotconnect\\frontend-user\\node_modules\\@eslint\\.eslintrc-pawI7s95',
299 silly reify   'C:\\Users\\SecurityManager\\Desktop\\tstplotconnect\\frontend-user\\node_modules\\@eslint\\js': 'C:\\Users\\SecurityManager\\Desktop\\tstplotconnect\\frontend-user\\node_modules\\@eslint\\.js-yIO4ybAV',
299 silly reify   'C:\\Users\\SecurityManager\\Desktop\\tstplotconnect\\frontend-user\\node_modules\\@eslint\\object-schema': 'C:\\Users\\SecurityManager\\Desktop\\tstplotconnect\\frontend-user\\node_modules\\@eslint\\.object-schema-jeMigVqJ',
299 silly reify   'C:\\Users\\SecurityManager\\Desktop\\tstplotconnect\\frontend-user\\node_modules\\@eslint\\plugin-kit': 'C:\\Users\\SecurityManager\\Desktop\\tstplotconnect\\frontend-user\\node_modules\\@eslint\\.plugin-kit-cPMis2v6',
299 silly reify   'C:\\Users\\SecurityManager\\Desktop\\tstplotconnect\\frontend-user\\node_modules\\@eslint-community\\eslint-utils': 'C:\\Users\\SecurityManager\\Desktop\\tstplotconnect\\frontend-user\\node_modules\\@eslint-community\\.eslint-utils-7Soy4ODL',
299 silly reify   'C:\\Users\\SecurityManager\\Desktop\\tstplotconnect\\frontend-user\\node_modules\\@eslint-community\\regexpp': 'C:\\Users\\SecurityManager\\Desktop\\tstplotconnect\\frontend-user\\node_modules\\@eslint-community\\.regexpp-mTgp1ta7',
299 silly reify   'C:\\Users\\SecurityManager\\Desktop\\tstplotconnect\\frontend-user\\node_modules\\@humanfs\\core': 'C:\\Users\\SecurityManager\\Desktop\\tstplotconnect\\frontend-user\\node_modules\\@humanfs\\.core-pMECHEcf',
299 silly reify   'C:\\Users\\SecurityManager\\Desktop\\tstplotconnect\\frontend-user\\node_modules\\@humanfs\\node': 'C:\\Users\\SecurityManager\\Desktop\\tstplotconnect\\frontend-user\\node_modules\\@humanfs\\.node-jjuvqf3x',
299 silly reify   'C:\\Users\\SecurityManager\\Desktop\\tstplotconnect\\frontend-user\\node_modules\\@humanfs\\types': 'C:\\Users\\SecurityManager\\Desktop\\tstplotconnect\\frontend-user\\node_modules\\@humanfs\\.types-7jCkzRtH',
299 silly reify   'C:\\Users\\SecurityManager\\Desktop\\tstplotconnect\\frontend-user\\node_modules\\@humanwhocodes\\module-importer': 'C:\\Users\\SecurityManager\\Desktop\\tstplotconnect\\frontend-user\\node_modules\\@humanwhocodes\\.module-importer-8ynYBlrX',
299 silly reify   'C:\\Users\\SecurityManager\\Desktop\\tstplotconnect\\frontend-user\\node_modules\\@humanwhocodes\\retry': 'C:\\Users\\SecurityManager\\Desktop\\tstplotconnect\\frontend-user\\node_modules\\@humanwhocodes\\.retry-FJSwKNCD',
299 silly reify   'C:\\Users\\SecurityManager\\Desktop\\tstplotconnect\\frontend-user\\node_modules\\@img\\colour': 'C:\\Users\\SecurityManager\\Desktop\\tstplotconnect\\frontend-user\\node_modules\\@img\\.colour-Ld844ybJ',
299 silly reify   'C:\\Users\\SecurityManager\\Desktop\\tstplotconnect\\frontend-user\\node_modules\\@img\\sharp-darwin-arm64': 'C:\\Users\\SecurityManager\\Desktop\\tstplotconnect\\frontend-user\\node_modules\\@img\\.sharp-darwin-arm64-B6pJivBk',
299 silly reify   'C:\\Users\\SecurityManager\\Desktop\\tstplotconnect\\frontend-user\\node_modules\\@img\\sharp-darwin-x64': 'C:\\Users\\SecurityManager\\Desktop\\tstplotconnect\\frontend-user\\node_modules\\@img\\.sharp-darwin-x64-6qmWmmk4',
299 silly reify   'C:\\Users\\SecurityManager\\Desktop\\tstplotconnect\\frontend-user\\node_modules\\@img\\sharp-libvips-darwin-arm64': 'C:\\Users\\SecurityManager\\Desktop\\tstplotconnect\\frontend-user\\node_modules\\@img\\.sharp-libvips-darwin-arm64-ibSVKyOv',
299 silly reify   'C:\\Users\\SecurityManager\\Desktop\\tstplotconnect\\frontend-user\\node_modules\\@img\\sharp-libvips-darwin-x64': 'C:\\Users\\SecurityManager\\Desktop\\tstplotconnect\\frontend-user\\node_modules\\@img\\.sharp-libvips-darwin-x64-ffKW5ezf',
299 silly reify   'C:\\Users\\SecurityManager\\Desktop\\tstplotconnect\\frontend-user\\node_modules\\@img\\sharp-libvips-linux-arm': 'C:\\Users\\SecurityManager\\Desktop\\tstplotconnect\\frontend-user\\node_modules\\@img\\.sharp-libvips-linux-arm-J9IFqrTY',
299 silly reify   'C:\\Users\\SecurityManager\\Desktop\\tstplotconnect\\frontend-user\\node_modules\\@img\\sharp-libvips-linux-arm64': 'C:\\Users\\SecurityManager\\Desktop\\tstplotconnect\\frontend-user\\node_modules\\@img\\.sharp-libvips-linux-arm64-4oatNYS6',
299 silly reify   'C:\\Users\\SecurityManager\\Desktop\\tstplotconnect\\frontend-user\\node_modules\\@img\\sharp-libvips-linux-ppc64': 'C:\\Users\\SecurityManager\\Desktop\\tstplotconnect\\frontend-user\\node_modules\\@img\\.sharp-libvips-linux-ppc64-uV2qKepB',
299 silly reify   'C:\\Users\\SecurityManager\\Desktop\\tstplotconnect\\frontend-user\\node_modules\\@img\\sharp-libvips-linux-riscv64': 'C:\\Users\\SecurityManager\\Desktop\\tstplotconnect\\frontend-user\\node_modules\\@img\\.sharp-libvips-linux-riscv64-NblbuVND',
299 silly reify   'C:\\Users\\SecurityManager\\Desktop\\tstplotconnect\\frontend-user\\node_modules\\@img\\sharp-libvips-linux-s390x': 'C:\\Users\\SecurityManager\\Desktop\\tstplotconnect\\frontend-user\\node_modules\\@img\\.sharp-libvips-linux-s390x-6faw0S6v',
299 silly reify   'C:\\Users\\SecurityManager\\Desktop\\tstplotconnect\\frontend-user\\node_modules\\@img\\sharp-libvips-linux-x64': 'C:\\Users\\SecurityManager\\Desktop\\tstplotconnect\\frontend-user\\node_modules\\@img\\.sharp-libvips-linux-x64-0QrVQubQ',
299 silly reify   'C:\\Users\\SecurityManager\\Desktop\\tstplotconnect\\frontend-user\\node_modules\\@img\\sharp-libvips-linuxmusl-arm64': 'C:\\Users\\SecurityManager\\Desktop\\tstplotconnect\\frontend-user\\node_modules\\@img\\.sharp-libvips-linuxmusl-arm64-C2slWO6P',
299 silly reify   'C:\\Users\\SecurityManager\\Desktop\\tstplotconnect\\frontend-user\\node_modules\\@img\\sharp-libvips-linuxmusl-x64': 'C:\\Users\\SecurityManager\\Desktop\\tstplotconnect\\frontend-user\\node_modules\\@img\\.sharp-libvips-linuxmusl-x64-poVw1QFB',
299 silly reify   'C:\\Users\\SecurityManager\\Desktop\\tstplotconnect\\frontend-user\\node_modules\\@img\\sharp-linux-arm': 'C:\\Users\\SecurityManager\\Desktop\\tstplotconnect\\frontend-user\\node_modules\\@img\\.sharp-linux-arm-7e4a3GVr',
299 silly reify   'C:\\Users\\SecurityManager\\Desktop\\tstplotconnect\\frontend-user\\node_modules\\@img\\sharp-linux-arm64': 'C:\\Users\\SecurityManager\\Desktop\\tstplotconnect\\frontend-user\\node_modules\\@img\\.sharp-linux-arm64-KT6tG6rS',
299 silly reify   'C:\\Users\\SecurityManager\\Desktop\\tstplotconnect\\frontend-user\\node_modules\\@img\\sharp-linux-ppc64': 'C:\\Users\\SecurityManager\\Desktop\\tstplotconnect\\frontend-user\\node_modules\\@img\\.sharp-linux-ppc64-T8lpVOFG',
299 silly reify   'C:\\Users\\SecurityManager\\Desktop\\tstplotconnect\\frontend-user\\node_modules\\@img\\sharp-linux-riscv64': 'C:\\Users\\SecurityManager\\Desktop\\tstplotconnect\\frontend-user\\node_modules\\@img\\.sharp-linux-riscv64-3rWKXdKI',
299 silly reify   'C:\\Users\\SecurityManager\\Desktop\\tstplotconnect\\frontend-user\\node_modules\\@img\\sharp-linux-s390x': 'C:\\Users\\SecurityManager\\Desktop\\tstplotconnect\\frontend-user\\node_modules\\@img\\.sharp-linux-s390x-g7UFvZ6Y',
299 silly reify   'C:\\Users\\SecurityManager\\Desktop\\tstplotconnect\\frontend-user\\node_modules\\@img\\sharp-linux-x64': 'C:\\Users\\SecurityManager\\Desktop\\tstplotconnect\\frontend-user\\node_modules\\@img\\.sharp-linux-x64-RiV1y0Xk',
299 silly reify   'C:\\Users\\SecurityManager\\Desktop\\tstplotconnect\\frontend-user\\node_modules\\@img\\sharp-linuxmusl-arm64': 'C:\\Users\\SecurityManager\\Desktop\\tstplotconnect\\frontend-user\\node_modules\\@img\\.sharp-linuxmusl-arm64-DZL055O4',
299 silly reify   'C:\\Users\\SecurityManager\\Desktop\\tstplotconnect\\frontend-user\\node_modules\\@img\\sharp-linuxmusl-x64': 'C:\\Users\\SecurityManager\\Desktop\\tstplotconnect\\frontend-user\\node_modules\\@img\\.sharp-linuxmusl-x64-oAlqRTLE',
299 silly reify   'C:\\Users\\SecurityManager\\Desktop\\tstplotconnect\\frontend-user\\node_modules\\@img\\sharp-wasm32': 'C:\\Users\\SecurityManager\\Desktop\\tstplotconnect\\frontend-user\\node_modules\\@img\\.sharp-wasm32-4KI1r3Tb',
299 silly reify   'C:\\Users\\SecurityManager\\Desktop\\tstplotconnect\\frontend-user\\node_modules\\@img\\sharp-win32-arm64': 'C:\\Users\\SecurityManager\\Desktop\\tstplotconnect\\frontend-user\\node_modules\\@img\\.sharp-win32-arm64-X58w8aRH',
299 silly reify   'C:\\Users\\SecurityManager\\Desktop\\tstplotconnect\\frontend-user\\node_modules\\@img\\sharp-win32-ia32': 'C:\\Users\\SecurityManager\\Desktop\\tstplotconnect\\frontend-user\\node_modules\\@img\\.sharp-win32-ia32-a6HHIdx2',
299 silly reify   'C:\\Users\\SecurityManager\\Desktop\\tstplotconnect\\frontend-user\\node_modules\\@img\\sharp-win32-x64': 'C:\\Users\\SecurityManager\\Desktop\\tstplotconnect\\frontend-user\\node_modules\\@img\\.sharp-win32-x64-s3BmnTZX',
299 silly reify   'C:\\Users\\SecurityManager\\Desktop\\tstplotconnect\\frontend-user\\node_modules\\@napi-rs\\wasm-runtime': 'C:\\Users\\SecurityManager\\Desktop\\tstplotconnect\\frontend-user\\node_modules\\@napi-rs\\.wasm-runtime-jNpTycwf',
299 silly reify   'C:\\Users\\SecurityManager\\Desktop\\tstplotconnect\\frontend-user\\node_modules\\@next\\env': 'C:\\Users\\SecurityManager\\Desktop\\tstplotconnect\\frontend-user\\node_modules\\@next\\.env-YgvubSoN',
299 silly reify   'C:\\Users\\SecurityManager\\Desktop\\tstplotconnect\\frontend-user\\node_modules\\@next\\eslint-plugin-next': 'C:\\Users\\SecurityManager\\Desktop\\tstplotconnect\\frontend-user\\node_modules\\@next\\.eslint-plugin-next-DVzpujNh',
299 silly reify   'C:\\Users\\SecurityManager\\Desktop\\tstplotconnect\\frontend-user\\node_modules\\@next\\swc-darwin-arm64': 'C:\\Users\\SecurityManager\\Desktop\\tstplotconnect\\frontend-user\\node_modules\\@next\\.swc-darwin-arm64-5YSYkv8U',
299 silly reify   'C:\\Users\\SecurityManager\\Desktop\\tstplotconnect\\frontend-user\\node_modules\\@next\\swc-darwin-x64': 'C:\\Users\\SecurityManager\\Desktop\\tstplotconnect\\frontend-user\\node_modules\\@next\\.swc-darwin-x64-DSRnLgfN',
299 silly reify   'C:\\Users\\SecurityManager\\Desktop\\tstplotconnect\\frontend-user\\node_modules\\@next\\swc-linux-arm64-gnu': 'C:\\Users\\SecurityManager\\Desktop\\tstplotconnect\\frontend-user\\node_modules\\@next\\.swc-linux-arm64-gnu-eAI2SSAz',
299 silly reify   'C:\\Users\\SecurityManager\\Desktop\\tstplotconnect\\frontend-user\\node_modules\\@next\\swc-linux-arm64-musl': 'C:\\Users\\SecurityManager\\Desktop\\tstplotconnect\\frontend-user\\node_modules\\@next\\.swc-linux-arm64-musl-aTLDZmrF',
299 silly reify   'C:\\Users\\SecurityManager\\Desktop\\tstplotconnect\\frontend-user\\node_modules\\@next\\swc-linux-x64-gnu': 'C:\\Users\\SecurityManager\\Desktop\\tstplotconnect\\frontend-user\\node_modules\\@next\\.swc-linux-x64-gnu-g13K1V2W',
299 silly reify   'C:\\Users\\SecurityManager\\Desktop\\tstplotconnect\\frontend-user\\node_modules\\@next\\swc-linux-x64-musl': 'C:\\Users\\SecurityManager\\Desktop\\tstplotconnect\\frontend-user\\node_modules\\@next\\.swc-linux-x64-musl-0XT5aPwO',
299 silly reify   'C:\\Users\\SecurityManager\\Desktop\\tstplotconnect\\frontend-user\\node_modules\\@next\\swc-win32-arm64-msvc': 'C:\\Users\\SecurityManager\\Desktop\\tstplotconnect\\frontend-user\\node_modules\\@next\\.swc-win32-arm64-msvc-VqdcUfte',
299 silly reify   'C:\\Users\\SecurityManager\\Desktop\\tstplotconnect\\frontend-user\\node_modules\\@next\\swc-win32-x64-msvc': 'C:\\Users\\SecurityManager\\Desktop\\tstplotconnect\\frontend-user\\node_modules\\@next\\.swc-win32-x64-msvc-7xaFIqCS',
299 silly reify   'C:\\Users\\SecurityManager\\Desktop\\tstplotconnect\\frontend-user\\node_modules\\@nolyfill\\is-core-module': 'C:\\Users\\SecurityManager\\Desktop\\tstplotconnect\\frontend-user\\node_modules\\@nolyfill\\.is-core-module-fMzSoEAK',
299 silly reify   'C:\\Users\\SecurityManager\\Desktop\\tstplotconnect\\frontend-user\\node_modules\\@rtsao\\scc': 'C:\\Users\\SecurityManager\\Desktop\\tstplotconnect\\frontend-user\\node_modules\\@rtsao\\.scc-GQtA99WR',
299 silly reify   'C:\\Users\\SecurityManager\\Desktop\\tstplotconnect\\frontend-user\\node_modules\\@rushstack\\eslint-patch': 'C:\\Users\\SecurityManager\\Desktop\\tstplotconnect\\frontend-user\\node_modules\\@rushstack\\.eslint-patch-C9sTL8iq',
299 silly reify   'C:\\Users\\SecurityManager\\Desktop\\tstplotconnect\\frontend-user\\node_modules\\@swc\\helpers': 'C:\\Users\\SecurityManager\\Desktop\\tstplotconnect\\frontend-user\\node_modules\\@swc\\.helpers-jxhBfrlq',
299 silly reify   'C:\\Users\\SecurityManager\\Desktop\\tstplotconnect\\frontend-user\\node_modules\\@tybys\\wasm-util': 'C:\\Users\\SecurityManager\\Desktop\\tstplotconnect\\frontend-user\\node_modules\\@tybys\\.wasm-util-2EHX8ZY5',
299 silly reify   'C:\\Users\\SecurityManager\\Desktop\\tstplotconnect\\frontend-user\\node_modules\\@types\\estree': 'C:\\Users\\SecurityManager\\Desktop\\tstplotconnect\\frontend-user\\node_modules\\@types\\.estree-szNPCDLD',
299 silly reify   'C:\\Users\\SecurityManager\\Desktop\\tstplotconnect\\frontend-user\\node_modules\\@types\\json5': 'C:\\Users\\SecurityManager\\Desktop\\tstplotconnect\\frontend-user\\node_modules\\@types\\.json5-uVAbeXaw',
299 silly reify   'C:\\Users\\SecurityManager\\Desktop\\tstplotconnect\\frontend-user\\node_modules\\@types\\prop-types': 'C:\\Users\\SecurityManager\\Desktop\\tstplotconnect\\frontend-user\\node_modules\\@types\\.prop-types-O8x4OfuR',
299 silly reify   'C:\\Users\\SecurityManager\\Desktop\\tstplotconnect\\frontend-user\\node_modules\\@types\\react': 'C:\\Users\\SecurityManager\\Desktop\\tstplotconnect\\frontend-user\\node_modules\\@types\\.react-AkYFVxiK',
299 silly reify   'C:\\Users\\SecurityManager\\Desktop\\tstplotconnect\\frontend-user\\node_modules\\@types\\react-dom': 'C:\\Users\\SecurityManager\\Desktop\\tstplotconnect\\frontend-user\\node_modules\\@types\\.react-dom-GG1dyABB',
299 silly reify   'C:\\Users\\SecurityManager\\Desktop\\tstplotconnect\\frontend-user\\node_modules\\@typescript-eslint\\eslint-plugin': 'C:\\Users\\SecurityManager\\Desktop\\tstplotconnect\\frontend-user\\node_modules\\@typescript-eslint\\.eslint-plugin-segj2x0N',
299 silly reify   'C:\\Users\\SecurityManager\\Desktop\\tstplotconnect\\frontend-user\\node_modules\\@typescript-eslint\\parser': 'C:\\Users\\SecurityManager\\Desktop\\tstplotconnect\\frontend-user\\node_modules\\@typescript-eslint\\.parser-JHjuuLud',
299 silly reify   'C:\\Users\\SecurityManager\\Desktop\\tstplotconnect\\frontend-user\\node_modules\\@typescript-eslint\\project-service': 'C:\\Users\\SecurityManager\\Desktop\\tstplotconnect\\frontend-user\\node_modules\\@typescript-eslint\\.project-service-MtuZTsd1',
299 silly reify   'C:\\Users\\SecurityManager\\Desktop\\tstplotconnect\\frontend-user\\node_modules\\@typescript-eslint\\scope-manager': 'C:\\Users\\SecurityManager\\Desktop\\tstplotconnect\\frontend-user\\node_modules\\@typescript-eslint\\.scope-manager-8mkZgvmq',
299 silly reify   'C:\\Users\\SecurityManager\\Desktop\\tstplotconnect\\frontend-user\\node_modules\\@typescript-eslint\\tsconfig-utils': 'C:\\Users\\SecurityManager\\Desktop\\tstplotconnect\\frontend-user\\node_modules\\@typescript-eslint\\.tsconfig-utils-LIzOlBXb',
299 silly reify   'C:\\Users\\SecurityManager\\Desktop\\tstplotconnect\\frontend-user\\node_modules\\@typescript-eslint\\type-utils': 'C:\\Users\\SecurityManager\\Desktop\\tstplotconnect\\frontend-user\\node_modules\\@typescript-eslint\\.type-utils-vVQejMGx',
299 silly reify   'C:\\Users\\SecurityManager\\Desktop\\tstplotconnect\\frontend-user\\node_modules\\@typescript-eslint\\types': 'C:\\Users\\SecurityManager\\Desktop\\tstplotconnect\\frontend-user\\node_modules\\@typescript-eslint\\.types-gv506z9j',
299 silly reify   'C:\\Users\\SecurityManager\\Desktop\\tstplotconnect\\frontend-user\\node_modules\\@typescript-eslint\\typescript-estree': 'C:\\Users\\SecurityManager\\Desktop\\tstplotconnect\\frontend-user\\node_modules\\@typescript-eslint\\.typescript-estree-ubnVGUEk',
299 silly reify   'C:\\Users\\SecurityManager\\Desktop\\tstplotconnect\\frontend-user\\node_modules\\@typescript-eslint\\utils': 'C:\\Users\\SecurityManager\\Desktop\\tstplotconnect\\frontend-user\\node_modules\\@typescript-eslint\\.utils-2lDeuLU2',
299 silly reify   'C:\\Users\\SecurityManager\\Desktop\\tstplotconnect\\frontend-user\\node_modules\\@typescript-eslint\\visitor-keys': 'C:\\Users\\SecurityManager\\Desktop\\tstplotconnect\\frontend-user\\node_modules\\@typescript-eslint\\.visitor-keys-wBT01sjP',
299 silly reify   'C:\\Users\\SecurityManager\\Desktop\\tstplotconnect\\frontend-user\\node_modules\\@unrs\\resolver-binding-android-arm-eabi': 'C:\\Users\\SecurityManager\\Desktop\\tstplotconnect\\frontend-user\\node_modules\\@unrs\\.resolver-binding-android-arm-eabi-H6A9OGFd',
299 silly reify   'C:\\Users\\SecurityManager\\Desktop\\tstplotconnect\\frontend-user\\node_modules\\@unrs\\resolver-binding-android-arm64': 'C:\\Users\\SecurityManager\\Desktop\\tstplotconnect\\frontend-user\\node_modules\\@unrs\\.resolver-binding-android-arm64-MzSCC4nu',
299 silly reify   'C:\\Users\\SecurityManager\\Desktop\\tstplotconnect\\frontend-user\\node_modules\\@unrs\\resolver-binding-darwin-arm64': 'C:\\Users\\SecurityManager\\Desktop\\tstplotconnect\\frontend-user\\node_modules\\@unrs\\.resolver-binding-darwin-arm64-vRiE1ELa',
299 silly reify   'C:\\Users\\SecurityManager\\Desktop\\tstplotconnect\\frontend-user\\node_modules\\@unrs\\resolver-binding-darwin-x64': 'C:\\Users\\SecurityManager\\Desktop\\tstplotconnect\\frontend-user\\node_modules\\@unrs\\.resolver-binding-darwin-x64-ESupnxGO',
299 silly reify   'C:\\Users\\SecurityManager\\Desktop\\tstplotconnect\\frontend-user\\node_modules\\@unrs\\resolver-binding-freebsd-x64': 'C:\\Users\\SecurityManager\\Desktop\\tstplotconnect\\frontend-user\\node_modules\\@unrs\\.resolver-binding-freebsd-x64-yYjw4mHI',
299 silly reify   'C:\\Users\\SecurityManager\\Desktop\\tstplotconnect\\frontend-user\\node_modules\\@unrs\\resolver-binding-linux-arm-gnueabihf': 'C:\\Users\\SecurityManager\\Desktop\\tstplotconnect\\frontend-user\\node_modules\\@unrs\\.resolver-binding-linux-arm-gnueabihf-vA4WWlKp',
299 silly reify   'C:\\Users\\SecurityManager\\Desktop\\tstplotconnect\\frontend-user\\node_modules\\@unrs\\resolver-binding-linux-arm-musleabihf': 'C:\\Users\\SecurityManager\\Desktop\\tstplotconnect\\frontend-user\\node_modules\\@unrs\\.resolver-binding-linux-arm-musleabihf-MEomNLGu',
299 silly reify   'C:\\Users\\SecurityManager\\Desktop\\tstplotconnect\\frontend-user\\node_modules\\@unrs\\resolver-binding-linux-arm64-gnu': 'C:\\Users\\SecurityManager\\Desktop\\tstplotconnect\\frontend-user\\node_modules\\@unrs\\.resolver-binding-linux-arm64-gnu-f4wk0rpo',
299 silly reify   'C:\\Users\\SecurityManager\\Desktop\\tstplotconnect\\frontend-user\\node_modules\\@unrs\\resolver-binding-linux-arm64-musl': 'C:\\Users\\SecurityManager\\Desktop\\tstplotconnect\\frontend-user\\node_modules\\@unrs\\.resolver-binding-linux-arm64-musl-M1tKUqnt',
299 silly reify   'C:\\Users\\SecurityManager\\Desktop\\tstplotconnect\\frontend-user\\node_modules\\@unrs\\resolver-binding-linux-ppc64-gnu': 'C:\\Users\\SecurityManager\\Desktop\\tstplotconnect\\frontend-user\\node_modules\\@unrs\\.resolver-binding-linux-ppc64-gnu-AuY3ig1N',
299 silly reify   'C:\\Users\\SecurityManager\\Desktop\\tstplotconnect\\frontend-user\\node_modules\\@unrs\\resolver-binding-linux-riscv64-gnu': 'C:\\Users\\SecurityManager\\Desktop\\tstplotconnect\\frontend-user\\node_modules\\@unrs\\.resolver-binding-linux-riscv64-gnu-SkdPAuAp',
299 silly reify   'C:\\Users\\SecurityManager\\Desktop\\tstplotconnect\\frontend-user\\node_modules\\@unrs\\resolver-binding-linux-riscv64-musl': 'C:\\Users\\SecurityManager\\Desktop\\tstplotconnect\\frontend-user\\node_modules\\@unrs\\.resolver-binding-linux-riscv64-musl-FPmi4kf4',
299 silly reify   'C:\\Users\\SecurityManager\\Desktop\\tstplotconnect\\frontend-user\\node_modules\\@unrs\\resolver-binding-linux-s390x-gnu': 'C:\\Users\\SecurityManager\\Desktop\\tstplotconnect\\frontend-user\\node_modules\\@unrs\\.resolver-binding-linux-s390x-gnu-prS4wMkx',
299 silly reify   'C:\\Users\\SecurityManager\\Desktop\\tstplotconnect\\frontend-user\\node_modules\\@unrs\\resolver-binding-linux-x64-gnu': 'C:\\Users\\SecurityManager\\Desktop\\tstplotconnect\\frontend-user\\node_modules\\@unrs\\.resolver-binding-linux-x64-gnu-t7JAC4sO',
299 silly reify   'C:\\Users\\SecurityManager\\Desktop\\tstplotconnect\\frontend-user\\node_modules\\@unrs\\resolver-binding-linux-x64-musl': 'C:\\Users\\SecurityManager\\Desktop\\tstplotconnect\\frontend-user\\node_modules\\@unrs\\.resolver-binding-linux-x64-musl-V5AXr73E',
299 silly reify   'C:\\Users\\SecurityManager\\Desktop\\tstplotconnect\\frontend-user\\node_modules\\@unrs\\resolver-binding-wasm32-wasi': 'C:\\Users\\SecurityManager\\Desktop\\tstplotconnect\\frontend-user\\node_modules\\@unrs\\.resolver-binding-wasm32-wasi-mAFhukIy',
299 silly reify   'C:\\Users\\SecurityManager\\Desktop\\tstplotconnect\\frontend-user\\node_modules\\@unrs\\resolver-binding-win32-arm64-msvc': 'C:\\Users\\SecurityManager\\Desktop\\tstplotconnect\\frontend-user\\node_modules\\@unrs\\.resolver-binding-win32-arm64-msvc-4X9s04i3',
299 silly reify   'C:\\Users\\SecurityManager\\Desktop\\tstplotconnect\\frontend-user\\node_modules\\@unrs\\resolver-binding-win32-ia32-msvc': 'C:\\Users\\SecurityManager\\Desktop\\tstplotconnect\\frontend-user\\node_modules\\@unrs\\.resolver-binding-win32-ia32-msvc-PKR88hjt',
299 silly reify   'C:\\Users\\SecurityManager\\Desktop\\tstplotconnect\\frontend-user\\node_modules\\@unrs\\resolver-binding-win32-x64-msvc': 'C:\\Users\\SecurityManager\\Desktop\\tstplotconnect\\frontend-user\\node_modules\\@unrs\\.resolver-binding-win32-x64-msvc-U8vrG4yz',
299 silly reify   'C:\\Users\\SecurityManager\\Desktop\\tstplotconnect\\frontend-user\\node_modules\\acorn': 'C:\\Users\\SecurityManager\\Desktop\\tstplotconnect\\frontend-user\\node_modules\\.acorn-SyuybUGj',
299 silly reify   'C:\\Users\\SecurityManager\\Desktop\\tstplotconnect\\frontend-user\\node_modules\\.bin\\acorn': 'C:\\Users\\SecurityManager\\Desktop\\tstplotconnect\\frontend-user\\node_modules\\.bin\\.acorn-Trt8j9ab',
299 silly reify   'C:\\Users\\SecurityManager\\Desktop\\tstplotconnect\\frontend-user\\node_modules\\.bin\\acorn.cmd': 'C:\\Users\\SecurityManager\\Desktop\\tstplotconnect\\frontend-user\\node_modules\\.bin\\.acorn.cmd-nWL3UOuZ',
299 silly reify   'C:\\Users\\SecurityManager\\Desktop\\tstplotconnect\\frontend-user\\node_modules\\.bin\\acorn.ps1': 'C:\\Users\\SecurityManager\\Desktop\\tstplotconnect\\frontend-user\\node_modules\\.bin\\.acorn.ps1-4LzgP3Fk',
299 silly reify   'C:\\Users\\SecurityManager\\Desktop\\tstplotconnect\\frontend-user\\node_modules\\js-yaml': 'C:\\Users\\SecurityManager\\Desktop\\tstplotconnect\\frontend-user\\node_modules\\.js-yaml-lfDQRZs9',
299 silly reify   'C:\\Users\\SecurityManager\\Desktop\\tstplotconnect\\frontend-user\\node_modules\\.bin\\js-yaml': 'C:\\Users\\SecurityManager\\Desktop\\tstplotconnect\\frontend-user\\node_modules\\.bin\\.js-yaml-pIRkq04Q',
299 silly reify   'C:\\Users\\SecurityManager\\Desktop\\tstplotconnect\\frontend-user\\node_modules\\.bin\\js-yaml.cmd': 'C:\\Users\\SecurityManager\\Desktop\\tstplotconnect\\frontend-user\\node_modules\\.bin\\.js-yaml.cmd-nem50HQD',
299 silly reify   'C:\\Users\\SecurityManager\\Desktop\\tstplotconnect\\frontend-user\\node_modules\\.bin\\js-yaml.ps1': 'C:\\Users\\SecurityManager\\Desktop\\tstplotconnect\\frontend-user\\node_modules\\.bin\\.js-yaml.ps1-35R3mABv',
299 silly reify   'C:\\Users\\SecurityManager\\Desktop\\tstplotconnect\\frontend-user\\node_modules\\typescript': 'C:\\Users\\SecurityManager\\Desktop\\tstplotconnect\\frontend-user\\node_modules\\.typescript-Kxd6tV4f',
299 silly reify   'C:\\Users\\SecurityManager\\Desktop\\tstplotconnect\\frontend-user\\node_modules\\.bin\\tsc': 'C:\\Users\\SecurityManager\\Desktop\\tstplotconnect\\frontend-user\\node_modules\\.bin\\.tsc-wNidYDXU',
299 silly reify   'C:\\Users\\SecurityManager\\Desktop\\tstplotconnect\\frontend-user\\node_modules\\.bin\\tsc.cmd': 'C:\\Users\\SecurityManager\\Desktop\\tstplotconnect\\frontend-user\\node_modules\\.bin\\.tsc.cmd-SzI2Iz8C',
299 silly reify   'C:\\Users\\SecurityManager\\Desktop\\tstplotconnect\\frontend-user\\node_modules\\.bin\\tsc.ps1': 'C:\\Users\\SecurityManager\\Desktop\\tstplotconnect\\frontend-user\\node_modules\\.bin\\.tsc.ps1-QzS7pgB0',
299 silly reify   'C:\\Users\\SecurityManager\\Desktop\\tstplotconnect\\frontend-user\\node_modules\\.bin\\tsserver': 'C:\\Users\\SecurityManager\\Desktop\\tstplotconnect\\frontend-user\\node_modules\\.bin\\.tsserver-SThl7fNu',
299 silly reify   'C:\\Users\\SecurityManager\\Desktop\\tstplotconnect\\frontend-user\\node_modules\\.bin\\tsserver.cmd': 'C:\\Users\\SecurityManager\\Desktop\\tstplotconnect\\frontend-user\\node_modules\\.bin\\.tsserver.cmd-IKtIi7Bv',
299 silly reify   'C:\\Users\\SecurityManager\\Desktop\\tstplotconnect\\frontend-user\\node_modules\\.bin\\tsserver.ps1': 'C:\\Users\\SecurityManager\\Desktop\\tstplotconnect\\frontend-user\\node_modules\\.bin\\.tsserver.ps1-rlgCOodg',
299 silly reify   'C:\\Users\\SecurityManager\\Desktop\\tstplotconnect\\frontend-user\\node_modules\\which': 'C:\\Users\\SecurityManager\\Desktop\\tstplotconnect\\frontend-user\\node_modules\\.which-7zoG5oFe',
299 silly reify   'C:\\Users\\SecurityManager\\Desktop\\tstplotconnect\\frontend-user\\node_modules\\.bin\\node-which': 'C:\\Users\\SecurityManager\\Desktop\\tstplotconnect\\frontend-user\\node_modules\\.bin\\.node-which-Qbc73zcj',
299 silly reify   'C:\\Users\\SecurityManager\\Desktop\\tstplotconnect\\frontend-user\\node_modules\\.bin\\node-which.cmd': 'C:\\Users\\SecurityManager\\Desktop\\tstplotconnect\\frontend-user\\node_modules\\.bin\\.node-which.cmd-Yhs1Ipk4',
299 silly reify   'C:\\Users\\SecurityManager\\Desktop\\tstplotconnect\\frontend-user\\node_modules\\.bin\\node-which.ps1': 'C:\\Users\\SecurityManager\\Desktop\\tstplotconnect\\frontend-user\\node_modules\\.bin\\.node-which.ps1-NiZBmOeo'
299 silly reify }
300 silly audit bulk request {
300 silly audit   '@emnapi/core': [ '1.10.0' ],
300 silly audit   '@emnapi/runtime': [ '1.10.0' ],
300 silly audit   '@emnapi/wasi-threads': [ '1.2.1' ],
300 silly audit   '@eslint-community/eslint-utils': [ '4.9.1' ],
300 silly audit   'eslint-visitor-keys': [ '3.4.3', '5.0.1', '4.2.1' ],
300 silly audit   '@eslint-community/regexpp': [ '4.12.2' ],
300 silly audit   '@eslint/config-array': [ '0.21.2' ],
300 silly audit   '@eslint/config-helpers': [ '0.4.2' ],
300 silly audit   '@eslint/core': [ '0.17.0' ],
300 silly audit   '@eslint/eslintrc': [ '3.3.5' ],
300 silly audit   '@eslint/js': [ '9.39.4' ],
300 silly audit   '@eslint/object-schema': [ '2.1.7' ],
300 silly audit   '@eslint/plugin-kit': [ '0.4.1' ],
300 silly audit   '@humanfs/core': [ '0.19.2' ],
300 silly audit   '@humanfs/node': [ '0.16.8' ],
300 silly audit   '@humanfs/types': [ '0.15.0' ],
300 silly audit   '@humanwhocodes/module-importer': [ '1.0.1' ],
300 silly audit   '@humanwhocodes/retry': [ '0.4.3' ],
300 silly audit   '@img/colour': [ '1.1.0' ],
300 silly audit   '@img/sharp-darwin-arm64': [ '0.34.5' ],
300 silly audit   '@img/sharp-darwin-x64': [ '0.34.5' ],
300 silly audit   '@img/sharp-libvips-darwin-arm64': [ '1.2.4' ],
300 silly audit   '@img/sharp-libvips-darwin-x64': [ '1.2.4' ],
300 silly audit   '@img/sharp-libvips-linux-arm': [ '1.2.4' ],
300 silly audit   '@img/sharp-libvips-linux-arm64': [ '1.2.4' ],
300 silly audit   '@img/sharp-libvips-linux-ppc64': [ '1.2.4' ],
300 silly audit   '@img/sharp-libvips-linux-riscv64': [ '1.2.4' ],
300 silly audit   '@img/sharp-libvips-linux-s390x': [ '1.2.4' ],
300 silly audit   '@img/sharp-libvips-linux-x64': [ '1.2.4' ],
300 silly audit   '@img/sharp-libvips-linuxmusl-arm64': [ '1.2.4' ],
300 silly audit   '@img/sharp-libvips-linuxmusl-x64': [ '1.2.4' ],
300 silly audit   '@img/sharp-linux-arm': [ '0.34.5' ],
300 silly audit   '@img/sharp-linux-arm64': [ '0.34.5' ],
300 silly audit   '@img/sharp-linux-ppc64': [ '0.34.5' ],
300 silly audit   '@img/sharp-linux-riscv64': [ '0.34.5' ],
300 silly audit   '@img/sharp-linux-s390x': [ '0.34.5' ],
300 silly audit   '@img/sharp-linux-x64': [ '0.34.5' ],
300 silly audit   '@img/sharp-linuxmusl-arm64': [ '0.34.5' ],
300 silly audit   '@img/sharp-linuxmusl-x64': [ '0.34.5' ],
300 silly audit   '@img/sharp-wasm32': [ '0.34.5' ],
300 silly audit   '@img/sharp-win32-arm64': [ '0.34.5' ],
300 silly audit   '@img/sharp-win32-ia32': [ '0.34.5' ],
300 silly audit   '@img/sharp-win32-x64': [ '0.34.5' ],
300 silly audit   '@napi-rs/wasm-runtime': [ '0.2.12' ],
300 silly audit   '@next/env': [ '15.5.15' ],
300 silly audit   '@next/eslint-plugin-next': [ '15.5.15' ],
300 silly audit   '@next/swc-darwin-arm64': [ '15.5.15' ],
300 silly audit   '@next/swc-darwin-x64': [ '15.5.15' ],
300 silly audit   '@next/swc-linux-arm64-gnu': [ '15.5.15' ],
300 silly audit   '@next/swc-linux-arm64-musl': [ '15.5.15' ],
300 silly audit   '@next/swc-linux-x64-gnu': [ '15.5.15' ],
300 silly audit   '@next/swc-linux-x64-musl': [ '15.5.15' ],
300 silly audit   '@next/swc-win32-arm64-msvc': [ '15.5.15' ],
300 silly audit   '@next/swc-win32-x64-msvc': [ '15.5.15' ],
300 silly audit   '@nodelib/fs.scandir': [ '2.1.5' ],
300 silly audit   '@nodelib/fs.stat': [ '2.0.5' ],
300 silly audit   '@nodelib/fs.walk': [ '1.2.8' ],
300 silly audit   '@nolyfill/is-core-module': [ '1.0.39' ],
300 silly audit   '@rtsao/scc': [ '1.1.0' ],
300 silly audit   '@rushstack/eslint-patch': [ '1.16.1' ],
300 silly audit   '@swc/helpers': [ '0.5.15' ],
300 silly audit   '@tybys/wasm-util': [ '0.10.1' ],
300 silly audit   '@types/estree': [ '1.0.8' ],
300 silly audit   '@types/json-schema': [ '7.0.15' ],
300 silly audit   '@types/json5': [ '0.0.29' ],
300 silly audit   '@types/node': [ '22.19.17' ],
300 silly audit   '@types/prop-types': [ '15.7.15' ],
300 silly audit   '@types/react': [ '18.3.28' ],
300 silly audit   '@types/react-dom': [ '18.3.7' ],
300 silly audit   '@typescript-eslint/eslint-plugin': [ '8.58.2' ],
300 silly audit   ignore: [ '7.0.5', '5.3.2' ],
300 silly audit   '@typescript-eslint/parser': [ '8.58.2' ],
300 silly audit   '@typescript-eslint/project-service': [ '8.58.2' ],
300 silly audit   '@typescript-eslint/scope-manager': [ '8.58.2' ],
300 silly audit   '@typescript-eslint/tsconfig-utils': [ '8.58.2' ],
300 silly audit   '@typescript-eslint/type-utils': [ '8.58.2' ],
300 silly audit   '@typescript-eslint/types': [ '8.58.2' ],
300 silly audit   '@typescript-eslint/typescript-estree': [ '8.58.2' ],
300 silly audit   'balanced-match': [ '4.0.4', '1.0.2' ],
300 silly audit   'brace-expansion': [ '5.0.5', '1.1.14' ],
300 silly audit   minimatch: [ '10.2.5', '3.1.5' ],
300 silly audit   '@typescript-eslint/utils': [ '8.58.2' ],
300 silly audit   '@typescript-eslint/visitor-keys': [ '8.58.2' ],
300 silly audit   '@unrs/resolver-binding-android-arm-eabi': [ '1.11.1' ],
300 silly audit   '@unrs/resolver-binding-android-arm64': [ '1.11.1' ],
300 silly audit   '@unrs/resolver-binding-darwin-arm64': [ '1.11.1' ],
300 silly audit   '@unrs/resolver-binding-darwin-x64': [ '1.11.1' ],
300 silly audit   '@unrs/resolver-binding-freebsd-x64': [ '1.11.1' ],
300 silly audit   '@unrs/resolver-binding-linux-arm-gnueabihf': [ '1.11.1' ],
300 silly audit   '@unrs/resolver-binding-linux-arm-musleabihf': [ '1.11.1' ],
300 silly audit   '@unrs/resolver-binding-linux-arm64-gnu': [ '1.11.1' ],
300 silly audit   '@unrs/resolver-binding-linux-arm64-musl': [ '1.11.1' ],
300 silly audit   '@unrs/resolver-binding-linux-ppc64-gnu': [ '1.11.1' ],
300 silly audit   '@unrs/resolver-binding-linux-riscv64-gnu': [ '1.11.1' ],
300 silly audit   '@unrs/resolver-binding-linux-riscv64-musl': [ '1.11.1' ],
300 silly audit   '@unrs/resolver-binding-linux-s390x-gnu': [ '1.11.1' ],
300 silly audit   '@unrs/resolver-binding-linux-x64-gnu': [ '1.11.1' ],
300 silly audit   '@unrs/resolver-binding-linux-x64-musl': [ '1.11.1' ],
300 silly audit   '@unrs/resolver-binding-wasm32-wasi': [ '1.11.1' ],
300 silly audit   '@unrs/resolver-binding-win32-arm64-msvc': [ '1.11.1' ],
300 silly audit   '@unrs/resolver-binding-win32-ia32-msvc': [ '1.11.1' ],
300 silly audit   '@unrs/resolver-binding-win32-x64-msvc': [ '1.11.1' ],
300 silly audit   acorn: [ '8.16.0' ],
300 silly audit   'acorn-jsx': [ '5.3.2' ],
300 silly audit   ajv: [ '6.14.0' ],
300 silly audit   'ansi-styles': [ '4.3.0' ],
300 silly audit   argparse: [ '2.0.1' ],
300 silly audit   'aria-query': [ '5.3.2' ],
300 silly audit   'array-buffer-byte-length': [ '1.0.2' ],
300 silly audit   'array-includes': [ '3.1.9' ],
300 silly audit   'array.prototype.findlast': [ '1.2.5' ],
300 silly audit   'array.prototype.findlastindex': [ '1.2.6' ],
300 silly audit   'array.prototype.flat': [ '1.3.3' ],
300 silly audit   'array.prototype.flatmap': [ '1.3.3' ],
300 silly audit   'array.prototype.tosorted': [ '1.1.4' ],
300 silly audit   'arraybuffer.prototype.slice': [ '1.0.4' ],
300 silly audit   'ast-types-flow': [ '0.0.8' ],
300 silly audit   'async-function': [ '1.0.0' ],
300 silly audit   'available-typed-arrays': [ '1.0.7' ],
300 silly audit   'axe-core': [ '4.11.3' ],
300 silly audit   'axobject-query': [ '4.1.0' ],
300 silly audit   braces: [ '3.0.3' ],
300 silly audit   'call-bind': [ '1.0.9' ],
300 silly audit   'call-bind-apply-helpers': [ '1.0.2' ],
300 silly audit   'call-bound': [ '1.0.4' ],
300 silly audit   callsites: [ '3.1.0' ],
300 silly audit   'caniuse-lite': [ '1.0.30001788' ],
300 silly audit   chalk: [ '4.1.2' ],
300 silly audit   'client-only': [ '0.0.1' ],
300 silly audit   'color-convert': [ '2.0.1' ],
300 silly audit   'color-name': [ '1.1.4' ],
300 silly audit   'concat-map': [ '0.0.1' ],
300 silly audit   'cross-spawn': [ '7.0.6' ],
300 silly audit   csstype: [ '3.2.3' ],
300 silly audit   'damerau-levenshtein': [ '1.0.8' ],
300 silly audit   'data-view-buffer': [ '1.0.2' ],
300 silly audit   'data-view-byte-length': [ '1.0.2' ],
300 silly audit   'data-view-byte-offset': [ '1.0.1' ],
300 silly audit   debug: [ '4.4.3', '3.2.7' ],
300 silly audit   'deep-is': [ '0.1.4' ],
300 silly audit   'define-data-property': [ '1.1.4' ],
300 silly audit   'define-properties': [ '1.2.1' ],
300 silly audit   'detect-libc': [ '2.1.2' ],
300 silly audit   doctrine: [ '2.1.0' ],
300 silly audit   'dunder-proto': [ '1.0.1' ],
300 silly audit   'emoji-regex': [ '9.2.2' ],
300 silly audit   'es-abstract': [ '1.24.2' ],
300 silly audit   'es-define-property': [ '1.0.1' ],
300 silly audit   'es-errors': [ '1.3.0' ],
300 silly audit   'es-iterator-helpers': [ '1.3.2' ],
300 silly audit   'es-object-atoms': [ '1.1.1' ],
300 silly audit   'es-set-tostringtag': [ '2.1.0' ],
300 silly audit   'es-shim-unscopables': [ '1.1.0' ],
300 silly audit   'es-to-primitive': [ '1.3.0' ],
300 silly audit   'escape-string-regexp': [ '4.0.0' ],
300 silly audit   eslint: [ '9.39.4' ],
300 silly audit   'eslint-config-next': [ '15.5.15' ],
300 silly audit   'eslint-import-resolver-node': [ '0.3.10' ],
300 silly audit   'eslint-import-resolver-typescript': [ '3.10.1' ],
300 silly audit   'eslint-module-utils': [ '2.12.1' ],
300 silly audit   'eslint-plugin-import': [ '2.32.0' ],
300 silly audit   semver: [ '6.3.1', '7.7.4' ],
300 silly audit   'eslint-plugin-jsx-a11y': [ '6.10.2' ],
300 silly audit   'eslint-plugin-react': [ '7.37.5' ],
300 silly audit   'eslint-plugin-react-hooks': [ '5.2.0' ],
300 silly audit   'eslint-scope': [ '8.4.0' ],
300 silly audit   espree: [ '10.4.0' ],
300 silly audit   esquery: [ '1.7.0' ],
300 silly audit   esrecurse: [ '4.3.0' ],
300 silly audit   estraverse: [ '5.3.0' ],
300 silly audit   esutils: [ '2.0.3' ],
300 silly audit   'fast-deep-equal': [ '3.1.3' ],
300 silly audit   'fast-glob': [ '3.3.1' ],
300 silly audit   'glob-parent': [ '5.1.2', '6.0.2' ],
300 silly audit   'fast-json-stable-stringify': [ '2.1.0' ],
300 silly audit   'fast-levenshtein': [ '2.0.6' ],
300 silly audit   fastq: [ '1.20.1' ],
300 silly audit   'file-entry-cache': [ '8.0.0' ],
300 silly audit   'fill-range': [ '7.1.1' ],
300 silly audit   'find-up': [ '5.0.0' ],
300 silly audit   'flat-cache': [ '4.0.1' ],
300 silly audit   flatted: [ '3.4.2' ],
300 silly audit   'for-each': [ '0.3.5' ],
300 silly audit   'function-bind': [ '1.1.2' ],
300 silly audit   'function.prototype.name': [ '1.1.8' ],
300 silly audit   'functions-have-names': [ '1.2.3' ],
300 silly audit   'generator-function': [ '2.0.1' ],
300 silly audit   'get-intrinsic': [ '1.3.0' ],
300 silly audit   'get-proto': [ '1.0.1' ],
300 silly audit   'get-symbol-description': [ '1.1.0' ],
300 silly audit   'get-tsconfig': [ '4.14.0' ],
300 silly audit   globals: [ '14.0.0' ],
300 silly audit   globalthis: [ '1.0.4' ],
300 silly audit   gopd: [ '1.2.0' ],
300 silly audit   'has-bigints': [ '1.1.0' ],
300 silly audit   'has-flag': [ '4.0.0' ],
300 silly audit   'has-property-descriptors': [ '1.0.2' ],
300 silly audit   'has-proto': [ '1.2.0' ],
300 silly audit   'has-symbols': [ '1.1.0' ],
300 silly audit   'has-tostringtag': [ '1.0.2' ],
300 silly audit   hasown: [ '2.0.2' ],
300 silly audit   'import-fresh': [ '3.3.1' ],
300 silly audit   imurmurhash: [ '0.1.4' ],
300 silly audit   'internal-slot': [ '1.1.0' ],
300 silly audit   'is-array-buffer': [ '3.0.5' ],
300 silly audit   'is-async-function': [ '2.1.1' ],
300 silly audit   'is-bigint': [ '1.1.0' ],
300 silly audit   'is-boolean-object': [ '1.2.2' ],
300 silly audit   'is-bun-module': [ '2.0.0' ],
300 silly audit   'is-callable': [ '1.2.7' ],
300 silly audit   'is-core-module': [ '2.16.1' ],
300 silly audit   'is-data-view': [ '1.0.2' ],
300 silly audit   'is-date-object': [ '1.1.0' ],
300 silly audit   'is-extglob': [ '2.1.1' ],
300 silly audit   'is-finalizationregistry': [ '1.1.1' ],
300 silly audit   'is-generator-function': [ '1.1.2' ],
300 silly audit   'is-glob': [ '4.0.3' ],
300 silly audit   'is-map': [ '2.0.3' ],
300 silly audit   'is-negative-zero': [ '2.0.3' ],
300 silly audit   'is-number': [ '7.0.0' ],
300 silly audit   'is-number-object': [ '1.1.1' ],
300 silly audit   'is-regex': [ '1.2.1' ],
300 silly audit   'is-set': [ '2.0.3' ],
300 silly audit   'is-shared-array-buffer': [ '1.0.4' ],
300 silly audit   'is-string': [ '1.1.1' ],
300 silly audit   'is-symbol': [ '1.1.1' ],
300 silly audit   'is-typed-array': [ '1.1.15' ],
300 silly audit   'is-weakmap': [ '2.0.2' ],
300 silly audit   'is-weakref': [ '1.1.1' ],
300 silly audit   'is-weakset': [ '2.0.4' ],
300 silly audit   isarray: [ '2.0.5' ],
300 silly audit   isexe: [ '2.0.0' ],
300 silly audit   'iterator.prototype': [ '1.1.5' ],
300 silly audit   'js-tokens': [ '4.0.0' ],
300 silly audit   'js-yaml': [ '4.1.1' ],
300 silly audit   'json-buffer': [ '3.0.1' ],
300 silly audit   'json-schema-traverse': [ '0.4.1' ],
300 silly audit   'json-stable-stringify-without-jsonify': [ '1.0.1' ],
300 silly audit   json5: [ '1.0.2' ],
300 silly audit   'jsx-ast-utils': [ '3.3.5' ],
300 silly audit   keyv: [ '4.5.4' ],
300 silly audit   'language-subtag-registry': [ '0.3.23' ],
300 silly audit   'language-tags': [ '1.0.9' ],
300 silly audit   levn: [ '0.4.1' ],
300 silly audit   'locate-path': [ '6.0.0' ],
300 silly audit   'lodash.merge': [ '4.6.2' ],
300 silly audit   'loose-envify': [ '1.4.0' ],
300 silly audit   'math-intrinsics': [ '1.1.0' ],
300 silly audit   merge2: [ '1.4.1' ],
300 silly audit   micromatch: [ '4.0.8' ],
300 silly audit   minimist: [ '1.2.8' ],
300 silly audit   ms: [ '2.1.3' ],
300 silly audit   nanoid: [ '3.3.11' ],
300 silly audit   'napi-postinstall': [ '0.3.4' ],
300 silly audit   'natural-compare': [ '1.4.0' ],
300 silly audit   next: [ '15.5.15' ],
300 silly audit   'node-exports-info': [ '1.6.0' ],
300 silly audit   'object-assign': [ '4.1.1' ],
300 silly audit   'object-inspect': [ '1.13.4' ],
300 silly audit   'object-keys': [ '1.1.1' ],
300 silly audit   'object.assign': [ '4.1.7' ],
300 silly audit   'object.entries': [ '1.1.9' ],
300 silly audit   'object.fromentries': [ '2.0.8' ],
300 silly audit   'object.groupby': [ '1.0.3' ],
300 silly audit   'object.values': [ '1.2.1' ],
300 silly audit   optionator: [ '0.9.4' ],
300 silly audit   'own-keys': [ '1.0.1' ],
300 silly audit   'p-limit': [ '3.1.0' ],
300 silly audit   'p-locate': [ '5.0.0' ],
300 silly audit   'parent-module': [ '1.0.1' ],
300 silly audit   'path-exists': [ '4.0.0' ],
300 silly audit   'path-key': [ '3.1.1' ],
300 silly audit   'path-parse': [ '1.0.7' ],
300 silly audit   picocolors: [ '1.1.1' ],
300 silly audit   picomatch: [ '2.3.2', '4.0.4' ],
300 silly audit   'possible-typed-array-names': [ '1.1.0' ],
300 silly audit   postcss: [ '8.4.31' ],
300 silly audit   'prelude-ls': [ '1.2.1' ],
300 silly audit   'prop-types': [ '15.8.1' ],
300 silly audit   punycode: [ '2.3.1' ],
300 silly audit   'queue-microtask': [ '1.2.3' ],
300 silly audit   react: [ '18.3.1' ],
300 silly audit   'react-dom': [ '18.3.1' ],
300 silly audit   'react-is': [ '16.13.1' ],
300 silly audit   'reflect.getprototypeof': [ '1.0.10' ],
300 silly audit   'regexp.prototype.flags': [ '1.5.4' ],
300 silly audit   resolve: [ '2.0.0-next.6' ],
300 silly audit   'resolve-from': [ '4.0.0' ],
300 silly audit   'resolve-pkg-maps': [ '1.0.0' ],
300 silly audit   reusify: [ '1.1.0' ],
300 silly audit   'run-parallel': [ '1.2.0' ],
300 silly audit   'safe-array-concat': [ '1.1.3' ],
300 silly audit   'safe-push-apply': [ '1.0.0' ],
300 silly audit   'safe-regex-test': [ '1.1.0' ],
300 silly audit   scheduler: [ '0.23.2' ],
300 silly audit   'set-function-length': [ '1.2.2' ],
300 silly audit   'set-function-name': [ '2.0.2' ],
300 silly audit   'set-proto': [ '1.0.0' ],
300 silly audit   sharp: [ '0.34.5' ],
300 silly audit   'shebang-command': [ '2.0.0' ],
300 silly audit   'shebang-regex': [ '3.0.0' ],
300 silly audit   'side-channel': [ '1.1.0' ],
300 silly audit   'side-channel-list': [ '1.0.0' ],
300 silly audit   'side-channel-map': [ '1.0.1' ],
300 silly audit   'side-channel-weakmap': [ '1.0.2' ],
300 silly audit   'source-map-js': [ '1.2.1' ],
300 silly audit   'stable-hash': [ '0.0.5' ],
300 silly audit   'stop-iteration-iterator': [ '1.1.0' ],
300 silly audit   'string.prototype.includes': [ '2.0.1' ],
300 silly audit   'string.prototype.matchall': [ '4.0.12' ],
300 silly audit   'string.prototype.repeat': [ '1.0.0' ],
300 silly audit   'string.prototype.trim': [ '1.2.10' ],
300 silly audit   'string.prototype.trimend': [ '1.0.9' ],
300 silly audit   'string.prototype.trimstart': [ '1.0.8' ],
300 silly audit   'strip-bom': [ '3.0.0' ],
300 silly audit   'strip-json-comments': [ '3.1.1' ],
300 silly audit   'styled-jsx': [ '5.1.6' ],
300 silly audit   'supports-color': [ '7.2.0' ],
300 silly audit   'supports-preserve-symlinks-flag': [ '1.0.0' ],
300 silly audit   tinyglobby: [ '0.2.16' ],
300 silly audit   fdir: [ '6.5.0' ],
300 silly audit   'to-regex-range': [ '5.0.1' ],
300 silly audit   'ts-api-utils': [ '2.5.0' ],
300 silly audit   'tsconfig-paths': [ '3.15.0' ],
300 silly audit   tslib: [ '2.8.1' ],
300 silly audit   'type-check': [ '0.4.0' ],
300 silly audit   'typed-array-buffer': [ '1.0.3' ],
300 silly audit   'typed-array-byte-length': [ '1.0.3' ],
300 silly audit   'typed-array-byte-offset': [ '1.0.4' ],
300 silly audit   'typed-array-length': [ '1.0.7' ],
300 silly audit   typescript: [ '5.9.3' ],
300 silly audit   'unbox-primitive': [ '1.1.0' ],
300 silly audit   'undici-types': [ '6.21.0' ],
300 silly audit   'unrs-resolver': [ '1.11.1' ],
300 silly audit   'uri-js': [ '4.4.1' ],
300 silly audit   which: [ '2.0.2' ],
300 silly audit   'which-boxed-primitive': [ '1.1.1' ],
300 silly audit   'which-builtin-type': [ '1.2.1' ],
300 silly audit   'which-collection': [ '1.0.2' ],
300 silly audit   'which-typed-array': [ '1.1.20' ],
300 silly audit   'word-wrap': [ '1.2.5' ],
300 silly audit   'yocto-queue': [ '0.1.0' ]
300 silly audit }
301 verbose reify failed optional dependency C:\Users\SecurityManager\Desktop\tstplotconnect\frontend-user\node_modules\@unrs\resolver-binding-win32-ia32-msvc
302 silly reify mark deleted [
302 silly reify   'C:\\Users\\SecurityManager\\Desktop\\tstplotconnect\\frontend-user\\node_modules\\@unrs\\resolver-binding-win32-ia32-msvc'
302 silly reify ]
303 verbose reify failed optional dependency C:\Users\SecurityManager\Desktop\tstplotconnect\frontend-user\node_modules\@unrs\resolver-binding-win32-arm64-msvc
304 silly reify mark deleted [
304 silly reify   'C:\\Users\\SecurityManager\\Desktop\\tstplotconnect\\frontend-user\\node_modules\\@unrs\\resolver-binding-win32-arm64-msvc'
304 silly reify ]
305 verbose reify failed optional dependency C:\Users\SecurityManager\Desktop\tstplotconnect\frontend-user\node_modules\@unrs\resolver-binding-wasm32-wasi
306 silly reify mark deleted [
306 silly reify   'C:\\Users\\SecurityManager\\Desktop\\tstplotconnect\\frontend-user\\node_modules\\@unrs\\resolver-binding-wasm32-wasi'
306 silly reify ]
307 verbose reify failed optional dependency C:\Users\SecurityManager\Desktop\tstplotconnect\frontend-user\node_modules\@napi-rs\wasm-runtime
308 silly reify mark deleted [
308 silly reify   'C:\\Users\\SecurityManager\\Desktop\\tstplotconnect\\frontend-user\\node_modules\\@napi-rs\\wasm-runtime'
308 silly reify ]
309 verbose reify failed optional dependency C:\Users\SecurityManager\Desktop\tstplotconnect\frontend-user\node_modules\@emnapi\core
310 silly reify mark deleted [
310 silly reify   'C:\\Users\\SecurityManager\\Desktop\\tstplotconnect\\frontend-user\\node_modules\\@emnapi\\core'
310 silly reify ]
311 verbose reify failed optional dependency C:\Users\SecurityManager\Desktop\tstplotconnect\frontend-user\node_modules\@tybys\wasm-util
312 silly reify mark deleted [
312 silly reify   'C:\\Users\\SecurityManager\\Desktop\\tstplotconnect\\frontend-user\\node_modules\\@tybys\\wasm-util'
312 silly reify ]
313 verbose reify failed optional dependency C:\Users\SecurityManager\Desktop\tstplotconnect\frontend-user\node_modules\@emnapi\wasi-threads
314 silly reify mark deleted [
314 silly reify   'C:\\Users\\SecurityManager\\Desktop\\tstplotconnect\\frontend-user\\node_modules\\@emnapi\\wasi-threads'
314 silly reify ]
315 verbose reify failed optional dependency C:\Users\SecurityManager\Desktop\tstplotconnect\frontend-user\node_modules\@unrs\resolver-binding-linux-x64-musl
316 silly reify mark deleted [
316 silly reify   'C:\\Users\\SecurityManager\\Desktop\\tstplotconnect\\frontend-user\\node_modules\\@unrs\\resolver-binding-linux-x64-musl'
316 silly reify ]
317 verbose reify failed optional dependency C:\Users\SecurityManager\Desktop\tstplotconnect\frontend-user\node_modules\@unrs\resolver-binding-linux-x64-gnu
318 silly reify mark deleted [
318 silly reify   'C:\\Users\\SecurityManager\\Desktop\\tstplotconnect\\frontend-user\\node_modules\\@unrs\\resolver-binding-linux-x64-gnu'
318 silly reify ]
319 verbose reify failed optional dependency C:\Users\SecurityManager\Desktop\tstplotconnect\frontend-user\node_modules\@unrs\resolver-binding-linux-s390x-gnu
320 silly reify mark deleted [
320 silly reify   'C:\\Users\\SecurityManager\\Desktop\\tstplotconnect\\frontend-user\\node_modules\\@unrs\\resolver-binding-linux-s390x-gnu'
320 silly reify ]
321 verbose reify failed optional dependency C:\Users\SecurityManager\Desktop\tstplotconnect\frontend-user\node_modules\@unrs\resolver-binding-linux-riscv64-musl
322 silly reify mark deleted [
322 silly reify   'C:\\Users\\SecurityManager\\Desktop\\tstplotconnect\\frontend-user\\node_modules\\@unrs\\resolver-binding-linux-riscv64-musl'
322 silly reify ]
323 verbose reify failed optional dependency C:\Users\SecurityManager\Desktop\tstplotconnect\frontend-user\node_modules\@unrs\resolver-binding-linux-riscv64-gnu
324 silly reify mark deleted [
324 silly reify   'C:\\Users\\SecurityManager\\Desktop\\tstplotconnect\\frontend-user\\node_modules\\@unrs\\resolver-binding-linux-riscv64-gnu'
324 silly reify ]
325 verbose reify failed optional dependency C:\Users\SecurityManager\Desktop\tstplotconnect\frontend-user\node_modules\@unrs\resolver-binding-linux-ppc64-gnu
326 silly reify mark deleted [
326 silly reify   'C:\\Users\\SecurityManager\\Desktop\\tstplotconnect\\frontend-user\\node_modules\\@unrs\\resolver-binding-linux-ppc64-gnu'
326 silly reify ]
327 verbose reify failed optional dependency C:\Users\SecurityManager\Desktop\tstplotconnect\frontend-user\node_modules\@unrs\resolver-binding-linux-arm64-musl
328 silly reify mark deleted [
328 silly reify   'C:\\Users\\SecurityManager\\Desktop\\tstplotconnect\\frontend-user\\node_modules\\@unrs\\resolver-binding-linux-arm64-musl'
328 silly reify ]
329 verbose reify failed optional dependency C:\Users\SecurityManager\Desktop\tstplotconnect\frontend-user\node_modules\@unrs\resolver-binding-linux-arm64-gnu
330 silly reify mark deleted [
330 silly reify   'C:\\Users\\SecurityManager\\Desktop\\tstplotconnect\\frontend-user\\node_modules\\@unrs\\resolver-binding-linux-arm64-gnu'
330 silly reify ]
331 verbose reify failed optional dependency C:\Users\SecurityManager\Desktop\tstplotconnect\frontend-user\node_modules\@unrs\resolver-binding-linux-arm-musleabihf
332 silly reify mark deleted [
332 silly reify   'C:\\Users\\SecurityManager\\Desktop\\tstplotconnect\\frontend-user\\node_modules\\@unrs\\resolver-binding-linux-arm-musleabihf'
332 silly reify ]
333 verbose reify failed optional dependency C:\Users\SecurityManager\Desktop\tstplotconnect\frontend-user\node_modules\@unrs\resolver-binding-linux-arm-gnueabihf
334 silly reify mark deleted [
334 silly reify   'C:\\Users\\SecurityManager\\Desktop\\tstplotconnect\\frontend-user\\node_modules\\@unrs\\resolver-binding-linux-arm-gnueabihf'
334 silly reify ]
335 verbose reify failed optional dependency C:\Users\SecurityManager\Desktop\tstplotconnect\frontend-user\node_modules\@unrs\resolver-binding-freebsd-x64
336 silly reify mark deleted [
336 silly reify   'C:\\Users\\SecurityManager\\Desktop\\tstplotconnect\\frontend-user\\node_modules\\@unrs\\resolver-binding-freebsd-x64'
336 silly reify ]
337 verbose reify failed optional dependency C:\Users\SecurityManager\Desktop\tstplotconnect\frontend-user\node_modules\@unrs\resolver-binding-darwin-x64
338 silly reify mark deleted [
338 silly reify   'C:\\Users\\SecurityManager\\Desktop\\tstplotconnect\\frontend-user\\node_modules\\@unrs\\resolver-binding-darwin-x64'
338 silly reify ]
339 verbose reify failed optional dependency C:\Users\SecurityManager\Desktop\tstplotconnect\frontend-user\node_modules\@unrs\resolver-binding-darwin-arm64
340 silly reify mark deleted [
340 silly reify   'C:\\Users\\SecurityManager\\Desktop\\tstplotconnect\\frontend-user\\node_modules\\@unrs\\resolver-binding-darwin-arm64'
340 silly reify ]
341 verbose reify failed optional dependency C:\Users\SecurityManager\Desktop\tstplotconnect\frontend-user\node_modules\@unrs\resolver-binding-android-arm64
342 silly reify mark deleted [
342 silly reify   'C:\\Users\\SecurityManager\\Desktop\\tstplotconnect\\frontend-user\\node_modules\\@unrs\\resolver-binding-android-arm64'
342 silly reify ]
343 verbose reify failed optional dependency C:\Users\SecurityManager\Desktop\tstplotconnect\frontend-user\node_modules\@unrs\resolver-binding-android-arm-eabi
344 silly reify mark deleted [
344 silly reify   'C:\\Users\\SecurityManager\\Desktop\\tstplotconnect\\frontend-user\\node_modules\\@unrs\\resolver-binding-android-arm-eabi'
344 silly reify ]
345 verbose reify failed optional dependency C:\Users\SecurityManager\Desktop\tstplotconnect\frontend-user\node_modules\@next\swc-win32-arm64-msvc
346 silly reify mark deleted [
346 silly reify   'C:\\Users\\SecurityManager\\Desktop\\tstplotconnect\\frontend-user\\node_modules\\@next\\swc-win32-arm64-msvc'
346 silly reify ]
347 verbose reify failed optional dependency C:\Users\SecurityManager\Desktop\tstplotconnect\frontend-user\node_modules\@next\swc-linux-x64-musl
348 silly reify mark deleted [
348 silly reify   'C:\\Users\\SecurityManager\\Desktop\\tstplotconnect\\frontend-user\\node_modules\\@next\\swc-linux-x64-musl'
348 silly reify ]
349 verbose reify failed optional dependency C:\Users\SecurityManager\Desktop\tstplotconnect\frontend-user\node_modules\@next\swc-linux-x64-gnu
350 silly reify mark deleted [
350 silly reify   'C:\\Users\\SecurityManager\\Desktop\\tstplotconnect\\frontend-user\\node_modules\\@next\\swc-linux-x64-gnu'
350 silly reify ]
351 verbose reify failed optional dependency C:\Users\SecurityManager\Desktop\tstplotconnect\frontend-user\node_modules\@next\swc-linux-arm64-musl
352 silly reify mark deleted [
352 silly reify   'C:\\Users\\SecurityManager\\Desktop\\tstplotconnect\\frontend-user\\node_modules\\@next\\swc-linux-arm64-musl'
352 silly reify ]
353 verbose reify failed optional dependency C:\Users\SecurityManager\Desktop\tstplotconnect\frontend-user\node_modules\@next\swc-linux-arm64-gnu
354 silly reify mark deleted [
354 silly reify   'C:\\Users\\SecurityManager\\Desktop\\tstplotconnect\\frontend-user\\node_modules\\@next\\swc-linux-arm64-gnu'
354 silly reify ]
355 verbose reify failed optional dependency C:\Users\SecurityManager\Desktop\tstplotconnect\frontend-user\node_modules\@next\swc-darwin-x64
356 silly reify mark deleted [
356 silly reify   'C:\\Users\\SecurityManager\\Desktop\\tstplotconnect\\frontend-user\\node_modules\\@next\\swc-darwin-x64'
356 silly reify ]
357 verbose reify failed optional dependency C:\Users\SecurityManager\Desktop\tstplotconnect\frontend-user\node_modules\@next\swc-darwin-arm64
358 silly reify mark deleted [
358 silly reify   'C:\\Users\\SecurityManager\\Desktop\\tstplotconnect\\frontend-user\\node_modules\\@next\\swc-darwin-arm64'
358 silly reify ]
359 verbose reify failed optional dependency C:\Users\SecurityManager\Desktop\tstplotconnect\frontend-user\node_modules\@img\sharp-win32-ia32
360 silly reify mark deleted [
360 silly reify   'C:\\Users\\SecurityManager\\Desktop\\tstplotconnect\\frontend-user\\node_modules\\@img\\sharp-win32-ia32'
360 silly reify ]
361 verbose reify failed optional dependency C:\Users\SecurityManager\Desktop\tstplotconnect\frontend-user\node_modules\@img\sharp-win32-arm64
362 silly reify mark deleted [
362 silly reify   'C:\\Users\\SecurityManager\\Desktop\\tstplotconnect\\frontend-user\\node_modules\\@img\\sharp-win32-arm64'
362 silly reify ]
363 verbose reify failed optional dependency C:\Users\SecurityManager\Desktop\tstplotconnect\frontend-user\node_modules\@img\sharp-wasm32
364 silly reify mark deleted [
364 silly reify   'C:\\Users\\SecurityManager\\Desktop\\tstplotconnect\\frontend-user\\node_modules\\@img\\sharp-wasm32'
364 silly reify ]
365 verbose reify failed optional dependency C:\Users\SecurityManager\Desktop\tstplotconnect\frontend-user\node_modules\@img\sharp-linuxmusl-x64
366 silly reify mark deleted [
366 silly reify   'C:\\Users\\SecurityManager\\Desktop\\tstplotconnect\\frontend-user\\node_modules\\@img\\sharp-linuxmusl-x64'
366 silly reify ]
367 verbose reify failed optional dependency C:\Users\SecurityManager\Desktop\tstplotconnect\frontend-user\node_modules\@img\sharp-linuxmusl-arm64
368 silly reify mark deleted [
368 silly reify   'C:\\Users\\SecurityManager\\Desktop\\tstplotconnect\\frontend-user\\node_modules\\@img\\sharp-linuxmusl-arm64'
368 silly reify ]
369 verbose reify failed optional dependency C:\Users\SecurityManager\Desktop\tstplotconnect\frontend-user\node_modules\@img\sharp-linux-x64
370 silly reify mark deleted [
370 silly reify   'C:\\Users\\SecurityManager\\Desktop\\tstplotconnect\\frontend-user\\node_modules\\@img\\sharp-linux-x64'
370 silly reify ]
371 verbose reify failed optional dependency C:\Users\SecurityManager\Desktop\tstplotconnect\frontend-user\node_modules\@img\sharp-linux-s390x
372 silly reify mark deleted [
372 silly reify   'C:\\Users\\SecurityManager\\Desktop\\tstplotconnect\\frontend-user\\node_modules\\@img\\sharp-linux-s390x'
372 silly reify ]
373 verbose reify failed optional dependency C:\Users\SecurityManager\Desktop\tstplotconnect\frontend-user\node_modules\@img\sharp-linux-riscv64
374 silly reify mark deleted [
374 silly reify   'C:\\Users\\SecurityManager\\Desktop\\tstplotconnect\\frontend-user\\node_modules\\@img\\sharp-linux-riscv64'
374 silly reify ]
375 verbose reify failed optional dependency C:\Users\SecurityManager\Desktop\tstplotconnect\frontend-user\node_modules\@img\sharp-linux-ppc64
376 silly reify mark deleted [
376 silly reify   'C:\\Users\\SecurityManager\\Desktop\\tstplotconnect\\frontend-user\\node_modules\\@img\\sharp-linux-ppc64'
376 silly reify ]
377 verbose reify failed optional dependency C:\Users\SecurityManager\Desktop\tstplotconnect\frontend-user\node_modules\@img\sharp-linux-arm64
378 silly reify mark deleted [
378 silly reify   'C:\\Users\\SecurityManager\\Desktop\\tstplotconnect\\frontend-user\\node_modules\\@img\\sharp-linux-arm64'
378 silly reify ]
379 verbose reify failed optional dependency C:\Users\SecurityManager\Desktop\tstplotconnect\frontend-user\node_modules\@img\sharp-linux-arm
380 silly reify mark deleted [
380 silly reify   'C:\\Users\\SecurityManager\\Desktop\\tstplotconnect\\frontend-user\\node_modules\\@img\\sharp-linux-arm'
380 silly reify ]
381 verbose reify failed optional dependency C:\Users\SecurityManager\Desktop\tstplotconnect\frontend-user\node_modules\@img\sharp-libvips-linuxmusl-x64
382 silly reify mark deleted [
382 silly reify   'C:\\Users\\SecurityManager\\Desktop\\tstplotconnect\\frontend-user\\node_modules\\@img\\sharp-libvips-linuxmusl-x64'
382 silly reify ]
383 verbose reify failed optional dependency C:\Users\SecurityManager\Desktop\tstplotconnect\frontend-user\node_modules\@img\sharp-libvips-linuxmusl-arm64
384 silly reify mark deleted [
384 silly reify   'C:\\Users\\SecurityManager\\Desktop\\tstplotconnect\\frontend-user\\node_modules\\@img\\sharp-libvips-linuxmusl-arm64'
384 silly reify ]
385 verbose reify failed optional dependency C:\Users\SecurityManager\Desktop\tstplotconnect\frontend-user\node_modules\@img\sharp-libvips-linux-x64
386 silly reify mark deleted [
386 silly reify   'C:\\Users\\SecurityManager\\Desktop\\tstplotconnect\\frontend-user\\node_modules\\@img\\sharp-libvips-linux-x64'
386 silly reify ]
387 verbose reify failed optional dependency C:\Users\SecurityManager\Desktop\tstplotconnect\frontend-user\node_modules\@img\sharp-libvips-linux-s390x
388 silly reify mark deleted [
388 silly reify   'C:\\Users\\SecurityManager\\Desktop\\tstplotconnect\\frontend-user\\node_modules\\@img\\sharp-libvips-linux-s390x'
388 silly reify ]
389 verbose reify failed optional dependency C:\Users\SecurityManager\Desktop\tstplotconnect\frontend-user\node_modules\@img\sharp-libvips-linux-riscv64
390 silly reify mark deleted [
390 silly reify   'C:\\Users\\SecurityManager\\Desktop\\tstplotconnect\\frontend-user\\node_modules\\@img\\sharp-libvips-linux-riscv64'
390 silly reify ]
391 verbose reify failed optional dependency C:\Users\SecurityManager\Desktop\tstplotconnect\frontend-user\node_modules\@img\sharp-libvips-linux-ppc64
392 silly reify mark deleted [
392 silly reify   'C:\\Users\\SecurityManager\\Desktop\\tstplotconnect\\frontend-user\\node_modules\\@img\\sharp-libvips-linux-ppc64'
392 silly reify ]
393 verbose reify failed optional dependency C:\Users\SecurityManager\Desktop\tstplotconnect\frontend-user\node_modules\@img\sharp-libvips-linux-arm64
394 silly reify mark deleted [
394 silly reify   'C:\\Users\\SecurityManager\\Desktop\\tstplotconnect\\frontend-user\\node_modules\\@img\\sharp-libvips-linux-arm64'
394 silly reify ]
395 verbose reify failed optional dependency C:\Users\SecurityManager\Desktop\tstplotconnect\frontend-user\node_modules\@img\sharp-libvips-linux-arm
396 silly reify mark deleted [
396 silly reify   'C:\\Users\\SecurityManager\\Desktop\\tstplotconnect\\frontend-user\\node_modules\\@img\\sharp-libvips-linux-arm'
396 silly reify ]
397 verbose reify failed optional dependency C:\Users\SecurityManager\Desktop\tstplotconnect\frontend-user\node_modules\@img\sharp-libvips-darwin-x64
398 silly reify mark deleted [
398 silly reify   'C:\\Users\\SecurityManager\\Desktop\\tstplotconnect\\frontend-user\\node_modules\\@img\\sharp-libvips-darwin-x64'
398 silly reify ]
399 verbose reify failed optional dependency C:\Users\SecurityManager\Desktop\tstplotconnect\frontend-user\node_modules\@img\sharp-libvips-darwin-arm64
400 silly reify mark deleted [
400 silly reify   'C:\\Users\\SecurityManager\\Desktop\\tstplotconnect\\frontend-user\\node_modules\\@img\\sharp-libvips-darwin-arm64'
400 silly reify ]
401 verbose reify failed optional dependency C:\Users\SecurityManager\Desktop\tstplotconnect\frontend-user\node_modules\@img\sharp-darwin-x64
402 silly reify mark deleted [
402 silly reify   'C:\\Users\\SecurityManager\\Desktop\\tstplotconnect\\frontend-user\\node_modules\\@img\\sharp-darwin-x64'
402 silly reify ]
403 verbose reify failed optional dependency C:\Users\SecurityManager\Desktop\tstplotconnect\frontend-user\node_modules\@img\sharp-darwin-arm64
404 silly reify mark deleted [
404 silly reify   'C:\\Users\\SecurityManager\\Desktop\\tstplotconnect\\frontend-user\\node_modules\\@img\\sharp-darwin-arm64'
404 silly reify ]
405 silly audit bulk request failed undefined
406 verbose audit error FetchError: request to https://registry.npmjs.org/-/npm/v1/security/audits/quick failed, reason: connect EACCES 104.16.0.34:443
406 verbose audit error     at ClientRequest.<anonymous> (C:\Program Files\nodejs\node_modules\npm\node_modules\minipass-fetch\lib\index.js:130:14)
406 verbose audit error     at ClientRequest.emit (node:events:524:28)
406 verbose audit error     at emitErrorEvent (node:_http_client:101:11)
406 verbose audit error     at _destroy (node:_http_client:884:9)
406 verbose audit error     at onSocketNT (node:_http_client:904:5)
406 verbose audit error     at process.processTicksAndRejections (node:internal/process/task_queues:83:21) {
406 verbose audit error   code: 'EACCES',
406 verbose audit error   errno: 'EACCES',
406 verbose audit error   syscall: 'connect',
406 verbose audit error   address: '104.16.0.34',
406 verbose audit error   port: 443,
406 verbose audit error   type: 'system'
406 verbose audit error }
407 silly audit error undefined
408 silly audit report null
409 silly tarball no local data for which@https://registry.npmjs.org/which/-/which-2.0.2.tgz. Extracting by manifest.
410 silly tarball no local data for typescript@https://registry.npmjs.org/typescript/-/typescript-5.9.3.tgz. Extracting by manifest.
411 silly tarball no local data for js-yaml@https://registry.npmjs.org/js-yaml/-/js-yaml-4.1.1.tgz. Extracting by manifest.
412 silly tarball no local data for acorn@https://registry.npmjs.org/acorn/-/acorn-8.16.0.tgz. Extracting by manifest.
413 silly tarball no local data for @unrs/resolver-binding-win32-x64-msvc@https://registry.npmjs.org/@unrs/resolver-binding-win32-x64-msvc/-/resolver-binding-win32-x64-msvc-1.11.1.tgz. Extracting by manifest.
414 silly tarball no local data for @typescript-eslint/visitor-keys@https://registry.npmjs.org/@typescript-eslint/visitor-keys/-/visitor-keys-8.58.2.tgz. Extracting by manifest.
415 silly tarball no local data for @typescript-eslint/typescript-estree@https://registry.npmjs.org/@typescript-eslint/typescript-estree/-/typescript-estree-8.58.2.tgz. Extracting by manifest.
416 silly tarball no local data for @typescript-eslint/utils@https://registry.npmjs.org/@typescript-eslint/utils/-/utils-8.58.2.tgz. Extracting by manifest.
417 silly tarball no local data for @typescript-eslint/types@https://registry.npmjs.org/@typescript-eslint/types/-/types-8.58.2.tgz. Extracting by manifest.
418 silly tarball no local data for @typescript-eslint/type-utils@https://registry.npmjs.org/@typescript-eslint/type-utils/-/type-utils-8.58.2.tgz. Extracting by manifest.
419 silly tarball no local data for @typescript-eslint/tsconfig-utils@https://registry.npmjs.org/@typescript-eslint/tsconfig-utils/-/tsconfig-utils-8.58.2.tgz. Extracting by manifest.
420 silly tarball no local data for @typescript-eslint/scope-manager@https://registry.npmjs.org/@typescript-eslint/scope-manager/-/scope-manager-8.58.2.tgz. Extracting by manifest.
421 silly tarball no local data for @typescript-eslint/project-service@https://registry.npmjs.org/@typescript-eslint/project-service/-/project-service-8.58.2.tgz. Extracting by manifest.
422 silly tarball no local data for @typescript-eslint/parser@https://registry.npmjs.org/@typescript-eslint/parser/-/parser-8.58.2.tgz. Extracting by manifest.
423 silly tarball no local data for @typescript-eslint/eslint-plugin@https://registry.npmjs.org/@typescript-eslint/eslint-plugin/-/eslint-plugin-8.58.2.tgz. Extracting by manifest.
424 silly tarball no local data for @types/react-dom@https://registry.npmjs.org/@types/react-dom/-/react-dom-18.3.7.tgz. Extracting by manifest.
425 silly tarball no local data for @types/react@https://registry.npmjs.org/@types/react/-/react-18.3.28.tgz. Extracting by manifest.
426 silly tarball no local data for @types/prop-types@https://registry.npmjs.org/@types/prop-types/-/prop-types-15.7.15.tgz. Extracting by manifest.
427 silly tarball no local data for @types/json5@https://registry.npmjs.org/@types/json5/-/json5-0.0.29.tgz. Extracting by manifest.
428 silly tarball no local data for @types/estree@https://registry.npmjs.org/@types/estree/-/estree-1.0.8.tgz. Extracting by manifest.
429 silly tarball no local data for @tybys/wasm-util@https://registry.npmjs.org/@tybys/wasm-util/-/wasm-util-0.10.1.tgz. Extracting by manifest.
430 silly tarball no local data for @swc/helpers@https://registry.npmjs.org/@swc/helpers/-/helpers-0.5.15.tgz. Extracting by manifest.
431 silly tarball no local data for @rushstack/eslint-patch@https://registry.npmjs.org/@rushstack/eslint-patch/-/eslint-patch-1.16.1.tgz. Extracting by manifest.
432 silly tarball no local data for @rtsao/scc@https://registry.npmjs.org/@rtsao/scc/-/scc-1.1.0.tgz. Extracting by manifest.
433 silly tarball no local data for @nolyfill/is-core-module@https://registry.npmjs.org/@nolyfill/is-core-module/-/is-core-module-1.0.39.tgz. Extracting by manifest.
434 silly tarball no local data for @next/swc-win32-x64-msvc@https://registry.npmjs.org/@next/swc-win32-x64-msvc/-/swc-win32-x64-msvc-15.5.15.tgz. Extracting by manifest.
435 silly tarball no local data for @next/eslint-plugin-next@https://registry.npmjs.org/@next/eslint-plugin-next/-/eslint-plugin-next-15.5.15.tgz. Extracting by manifest.
436 silly tarball no local data for @next/env@https://registry.npmjs.org/@next/env/-/env-15.5.15.tgz. Extracting by manifest.
437 silly tarball no local data for @napi-rs/wasm-runtime@https://registry.npmjs.org/@napi-rs/wasm-runtime/-/wasm-runtime-0.2.12.tgz. Extracting by manifest.
438 silly tarball no local data for @img/sharp-win32-x64@https://registry.npmjs.org/@img/sharp-win32-x64/-/sharp-win32-x64-0.34.5.tgz. Extracting by manifest.
439 silly tarball no local data for @img/colour@https://registry.npmjs.org/@img/colour/-/colour-1.1.0.tgz. Extracting by manifest.
440 silly tarball no local data for @humanwhocodes/retry@https://registry.npmjs.org/@humanwhocodes/retry/-/retry-0.4.3.tgz. Extracting by manifest.
441 silly tarball no local data for @humanwhocodes/module-importer@https://registry.npmjs.org/@humanwhocodes/module-importer/-/module-importer-1.0.1.tgz. Extracting by manifest.
442 silly tarball no local data for @humanfs/types@https://registry.npmjs.org/@humanfs/types/-/types-0.15.0.tgz. Extracting by manifest.
443 silly tarball no local data for @humanfs/node@https://registry.npmjs.org/@humanfs/node/-/node-0.16.8.tgz. Extracting by manifest.
444 silly tarball no local data for @humanfs/core@https://registry.npmjs.org/@humanfs/core/-/core-0.19.2.tgz. Extracting by manifest.
445 silly tarball no local data for @eslint-community/regexpp@https://registry.npmjs.org/@eslint-community/regexpp/-/regexpp-4.12.2.tgz. Extracting by manifest.
446 silly tarball no local data for @eslint-community/eslint-utils@https://registry.npmjs.org/@eslint-community/eslint-utils/-/eslint-utils-4.9.1.tgz. Extracting by manifest.
447 silly tarball no local data for @eslint/plugin-kit@https://registry.npmjs.org/@eslint/plugin-kit/-/plugin-kit-0.4.1.tgz. Extracting by manifest.
448 silly tarball no local data for @eslint/object-schema@https://registry.npmjs.org/@eslint/object-schema/-/object-schema-2.1.7.tgz. Extracting by manifest.
449 silly tarball no local data for @eslint/js@https://registry.npmjs.org/@eslint/js/-/js-9.39.4.tgz. Extracting by manifest.
450 silly tarball no local data for @eslint/eslintrc@https://registry.npmjs.org/@eslint/eslintrc/-/eslintrc-3.3.5.tgz. Extracting by manifest.
451 silly tarball no local data for @eslint/core@https://registry.npmjs.org/@eslint/core/-/core-0.17.0.tgz. Extracting by manifest.
452 silly tarball no local data for @eslint/config-helpers@https://registry.npmjs.org/@eslint/config-helpers/-/config-helpers-0.4.2.tgz. Extracting by manifest.
453 silly tarball no local data for @eslint/config-array@https://registry.npmjs.org/@eslint/config-array/-/config-array-0.21.2.tgz. Extracting by manifest.
454 silly tarball no local data for yocto-queue@https://registry.npmjs.org/yocto-queue/-/yocto-queue-0.1.0.tgz. Extracting by manifest.
455 silly tarball no local data for word-wrap@https://registry.npmjs.org/word-wrap/-/word-wrap-1.2.5.tgz. Extracting by manifest.
456 silly tarball no local data for which-typed-array@https://registry.npmjs.org/which-typed-array/-/which-typed-array-1.1.20.tgz. Extracting by manifest.
457 silly tarball no local data for which-collection@https://registry.npmjs.org/which-collection/-/which-collection-1.0.2.tgz. Extracting by manifest.
458 silly tarball no local data for which-builtin-type@https://registry.npmjs.org/which-builtin-type/-/which-builtin-type-1.2.1.tgz. Extracting by manifest.
459 silly tarball no local data for which-boxed-primitive@https://registry.npmjs.org/which-boxed-primitive/-/which-boxed-primitive-1.1.1.tgz. Extracting by manifest.
460 silly tarball no local data for unrs-resolver@https://registry.npmjs.org/unrs-resolver/-/unrs-resolver-1.11.1.tgz. Extracting by manifest.
461 silly tarball no local data for unbox-primitive@https://registry.npmjs.org/unbox-primitive/-/unbox-primitive-1.1.0.tgz. Extracting by manifest.
462 silly tarball no local data for typed-array-length@https://registry.npmjs.org/typed-array-length/-/typed-array-length-1.0.7.tgz. Extracting by manifest.
463 silly tarball no local data for typed-array-byte-offset@https://registry.npmjs.org/typed-array-byte-offset/-/typed-array-byte-offset-1.0.4.tgz. Extracting by manifest.
464 silly tarball no local data for typed-array-byte-length@https://registry.npmjs.org/typed-array-byte-length/-/typed-array-byte-length-1.0.3.tgz. Extracting by manifest.
465 silly tarball no local data for typed-array-buffer@https://registry.npmjs.org/typed-array-buffer/-/typed-array-buffer-1.0.3.tgz. Extracting by manifest.
466 silly tarball no local data for type-check@https://registry.npmjs.org/type-check/-/type-check-0.4.0.tgz. Extracting by manifest.
467 silly tarball no local data for tsconfig-paths@https://registry.npmjs.org/tsconfig-paths/-/tsconfig-paths-3.15.0.tgz. Extracting by manifest.
468 silly tarball no local data for ts-api-utils@https://registry.npmjs.org/ts-api-utils/-/ts-api-utils-2.5.0.tgz. Extracting by manifest.
469 silly tarball no local data for tinyglobby@https://registry.npmjs.org/tinyglobby/-/tinyglobby-0.2.16.tgz. Extracting by manifest.
470 silly tarball no local data for supports-preserve-symlinks-flag@https://registry.npmjs.org/supports-preserve-symlinks-flag/-/supports-preserve-symlinks-flag-1.0.0.tgz. Extracting by manifest.
471 silly tarball no local data for supports-color@https://registry.npmjs.org/supports-color/-/supports-color-7.2.0.tgz. Extracting by manifest.
472 silly tarball no local data for styled-jsx@https://registry.npmjs.org/styled-jsx/-/styled-jsx-5.1.6.tgz. Extracting by manifest.
473 silly tarball no local data for strip-json-comments@https://registry.npmjs.org/strip-json-comments/-/strip-json-comments-3.1.1.tgz. Extracting by manifest.
474 silly tarball no local data for strip-bom@https://registry.npmjs.org/strip-bom/-/strip-bom-3.0.0.tgz. Extracting by manifest.
475 silly tarball no local data for string.prototype.trimstart@https://registry.npmjs.org/string.prototype.trimstart/-/string.prototype.trimstart-1.0.8.tgz. Extracting by manifest.
476 silly tarball no local data for string.prototype.trimend@https://registry.npmjs.org/string.prototype.trimend/-/string.prototype.trimend-1.0.9.tgz. Extracting by manifest.
477 silly tarball no local data for string.prototype.trim@https://registry.npmjs.org/string.prototype.trim/-/string.prototype.trim-1.2.10.tgz. Extracting by manifest.
478 silly tarball no local data for string.prototype.repeat@https://registry.npmjs.org/string.prototype.repeat/-/string.prototype.repeat-1.0.0.tgz. Extracting by manifest.
479 silly tarball no local data for string.prototype.matchall@https://registry.npmjs.org/string.prototype.matchall/-/string.prototype.matchall-4.0.12.tgz. Extracting by manifest.
480 silly tarball no local data for string.prototype.includes@https://registry.npmjs.org/string.prototype.includes/-/string.prototype.includes-2.0.1.tgz. Extracting by manifest.
481 silly tarball no local data for stop-iteration-iterator@https://registry.npmjs.org/stop-iteration-iterator/-/stop-iteration-iterator-1.1.0.tgz. Extracting by manifest.
482 silly tarball no local data for stable-hash@https://registry.npmjs.org/stable-hash/-/stable-hash-0.0.5.tgz. Extracting by manifest.
483 silly tarball no local data for source-map-js@https://registry.npmjs.org/source-map-js/-/source-map-js-1.2.1.tgz. Extracting by manifest.
484 silly tarball no local data for side-channel-weakmap@https://registry.npmjs.org/side-channel-weakmap/-/side-channel-weakmap-1.0.2.tgz. Extracting by manifest.
485 silly tarball no local data for side-channel-map@https://registry.npmjs.org/side-channel-map/-/side-channel-map-1.0.1.tgz. Extracting by manifest.
486 silly tarball no local data for side-channel-list@https://registry.npmjs.org/side-channel-list/-/side-channel-list-1.0.0.tgz. Extracting by manifest.
487 silly tarball no local data for side-channel@https://registry.npmjs.org/side-channel/-/side-channel-1.1.0.tgz. Extracting by manifest.
488 silly tarball no local data for sharp@https://registry.npmjs.org/sharp/-/sharp-0.34.5.tgz. Extracting by manifest.
489 silly tarball no local data for set-proto@https://registry.npmjs.org/set-proto/-/set-proto-1.0.0.tgz. Extracting by manifest.
490 silly tarball no local data for set-function-name@https://registry.npmjs.org/set-function-name/-/set-function-name-2.0.2.tgz. Extracting by manifest.
491 silly tarball no local data for set-function-length@https://registry.npmjs.org/set-function-length/-/set-function-length-1.2.2.tgz. Extracting by manifest.
492 silly tarball no local data for scheduler@https://registry.npmjs.org/scheduler/-/scheduler-0.23.2.tgz. Extracting by manifest.
493 silly tarball no local data for semver@https://registry.npmjs.org/semver/-/semver-7.7.4.tgz. Extracting by manifest.
494 silly tarball no local data for safe-regex-test@https://registry.npmjs.org/safe-regex-test/-/safe-regex-test-1.1.0.tgz. Extracting by manifest.
495 silly tarball no local data for safe-push-apply@https://registry.npmjs.org/safe-push-apply/-/safe-push-apply-1.0.0.tgz. Extracting by manifest.
496 silly tarball no local data for safe-array-concat@https://registry.npmjs.org/safe-array-concat/-/safe-array-concat-1.1.3.tgz. Extracting by manifest.
497 silly tarball no local data for resolve-from@https://registry.npmjs.org/resolve-from/-/resolve-from-4.0.0.tgz. Extracting by manifest.
498 silly tarball no local data for resolve@https://registry.npmjs.org/resolve/-/resolve-2.0.0-next.6.tgz. Extracting by manifest.
499 silly tarball no local data for regexp.prototype.flags@https://registry.npmjs.org/regexp.prototype.flags/-/regexp.prototype.flags-1.5.4.tgz. Extracting by manifest.
500 silly tarball no local data for reflect.getprototypeof@https://registry.npmjs.org/reflect.getprototypeof/-/reflect.getprototypeof-1.0.10.tgz. Extracting by manifest.
501 silly tarball no local data for react-is@https://registry.npmjs.org/react-is/-/react-is-16.13.1.tgz. Extracting by manifest.
502 silly tarball no local data for react-dom@https://registry.npmjs.org/react-dom/-/react-dom-18.3.1.tgz. Extracting by manifest.
503 silly tarball no local data for react@https://registry.npmjs.org/react/-/react-18.3.1.tgz. Extracting by manifest.
504 silly tarball no local data for prop-types@https://registry.npmjs.org/prop-types/-/prop-types-15.8.1.tgz. Extracting by manifest.
505 silly tarball no local data for prelude-ls@https://registry.npmjs.org/prelude-ls/-/prelude-ls-1.2.1.tgz. Extracting by manifest.
506 silly tarball no local data for postcss@https://registry.npmjs.org/postcss/-/postcss-8.4.31.tgz. Extracting by manifest.
507 silly tarball no local data for possible-typed-array-names@https://registry.npmjs.org/possible-typed-array-names/-/possible-typed-array-names-1.1.0.tgz. Extracting by manifest.
508 silly tarball no local data for path-parse@https://registry.npmjs.org/path-parse/-/path-parse-1.0.7.tgz. Extracting by manifest.
509 silly tarball no local data for path-exists@https://registry.npmjs.org/path-exists/-/path-exists-4.0.0.tgz. Extracting by manifest.
510 silly tarball no local data for parent-module@https://registry.npmjs.org/parent-module/-/parent-module-1.0.1.tgz. Extracting by manifest.
511 silly tarball no local data for p-locate@https://registry.npmjs.org/p-locate/-/p-locate-5.0.0.tgz. Extracting by manifest.
512 silly tarball no local data for p-limit@https://registry.npmjs.org/p-limit/-/p-limit-3.1.0.tgz. Extracting by manifest.
513 silly tarball no local data for own-keys@https://registry.npmjs.org/own-keys/-/own-keys-1.0.1.tgz. Extracting by manifest.
514 silly tarball no local data for optionator@https://registry.npmjs.org/optionator/-/optionator-0.9.4.tgz. Extracting by manifest.
515 silly tarball no local data for object.values@https://registry.npmjs.org/object.values/-/object.values-1.2.1.tgz. Extracting by manifest.
516 silly tarball no local data for object.groupby@https://registry.npmjs.org/object.groupby/-/object.groupby-1.0.3.tgz. Extracting by manifest.
517 silly tarball no local data for object.fromentries@https://registry.npmjs.org/object.fromentries/-/object.fromentries-2.0.8.tgz. Extracting by manifest.
518 silly tarball no local data for object.entries@https://registry.npmjs.org/object.entries/-/object.entries-1.1.9.tgz. Extracting by manifest.
519 silly tarball no local data for object.assign@https://registry.npmjs.org/object.assign/-/object.assign-4.1.7.tgz. Extracting by manifest.
520 silly tarball no local data for object-keys@https://registry.npmjs.org/object-keys/-/object-keys-1.1.1.tgz. Extracting by manifest.
521 silly tarball no local data for object-inspect@https://registry.npmjs.org/object-inspect/-/object-inspect-1.13.4.tgz. Extracting by manifest.
522 silly tarball no local data for object-assign@https://registry.npmjs.org/object-assign/-/object-assign-4.1.1.tgz. Extracting by manifest.
523 silly tarball no local data for node-exports-info@https://registry.npmjs.org/node-exports-info/-/node-exports-info-1.6.0.tgz. Extracting by manifest.
524 silly tarball no local data for next@https://registry.npmjs.org/next/-/next-15.5.15.tgz. Extracting by manifest.
525 silly tarball no local data for natural-compare@https://registry.npmjs.org/natural-compare/-/natural-compare-1.4.0.tgz. Extracting by manifest.
526 silly tarball no local data for napi-postinstall@https://registry.npmjs.org/napi-postinstall/-/napi-postinstall-0.3.4.tgz. Extracting by manifest.
527 silly tarball no local data for nanoid@https://registry.npmjs.org/nanoid/-/nanoid-3.3.11.tgz. Extracting by manifest.
528 silly tarball no local data for minimist@https://registry.npmjs.org/minimist/-/minimist-1.2.8.tgz. Extracting by manifest.
529 silly tarball no local data for loose-envify@https://registry.npmjs.org/loose-envify/-/loose-envify-1.4.0.tgz. Extracting by manifest.
530 silly tarball no local data for lodash.merge@https://registry.npmjs.org/lodash.merge/-/lodash.merge-4.6.2.tgz. Extracting by manifest.
531 silly tarball no local data for levn@https://registry.npmjs.org/levn/-/levn-0.4.1.tgz. Extracting by manifest.
532 silly tarball no local data for locate-path@https://registry.npmjs.org/locate-path/-/locate-path-6.0.0.tgz. Extracting by manifest.
533 silly tarball no local data for language-tags@https://registry.npmjs.org/language-tags/-/language-tags-1.0.9.tgz. Extracting by manifest.
534 silly tarball no local data for language-subtag-registry@https://registry.npmjs.org/language-subtag-registry/-/language-subtag-registry-0.3.23.tgz. Extracting by manifest.
535 silly tarball no local data for keyv@https://registry.npmjs.org/keyv/-/keyv-4.5.4.tgz. Extracting by manifest.
536 silly tarball no local data for jsx-ast-utils@https://registry.npmjs.org/jsx-ast-utils/-/jsx-ast-utils-3.3.5.tgz. Extracting by manifest.
537 silly tarball no local data for json5@https://registry.npmjs.org/json5/-/json5-1.0.2.tgz. Extracting by manifest.
538 silly tarball no local data for json-buffer@https://registry.npmjs.org/json-buffer/-/json-buffer-3.0.1.tgz. Extracting by manifest.
539 silly tarball no local data for json-stable-stringify-without-jsonify@https://registry.npmjs.org/json-stable-stringify-without-jsonify/-/json-stable-stringify-without-jsonify-1.0.1.tgz. Extracting by manifest.
540 silly tarball no local data for json-schema-traverse@https://registry.npmjs.org/json-schema-traverse/-/json-schema-traverse-0.4.1.tgz. Extracting by manifest.
541 silly tarball no local data for js-tokens@https://registry.npmjs.org/js-tokens/-/js-tokens-4.0.0.tgz. Extracting by manifest.
542 silly tarball no local data for iterator.prototype@https://registry.npmjs.org/iterator.prototype/-/iterator.prototype-1.1.5.tgz. Extracting by manifest.
543 silly tarball no local data for is-weakset@https://registry.npmjs.org/is-weakset/-/is-weakset-2.0.4.tgz. Extracting by manifest.
544 silly tarball no local data for isarray@https://registry.npmjs.org/isarray/-/isarray-2.0.5.tgz. Extracting by manifest.
545 silly tarball no local data for is-weakref@https://registry.npmjs.org/is-weakref/-/is-weakref-1.1.1.tgz. Extracting by manifest.
546 silly tarball no local data for is-weakmap@https://registry.npmjs.org/is-weakmap/-/is-weakmap-2.0.2.tgz. Extracting by manifest.
547 silly tarball no local data for is-typed-array@https://registry.npmjs.org/is-typed-array/-/is-typed-array-1.1.15.tgz. Extracting by manifest.
548 silly tarball no local data for is-symbol@https://registry.npmjs.org/is-symbol/-/is-symbol-1.1.1.tgz. Extracting by manifest.
549 silly tarball no local data for is-string@https://registry.npmjs.org/is-string/-/is-string-1.1.1.tgz. Extracting by manifest.
550 silly tarball no local data for is-shared-array-buffer@https://registry.npmjs.org/is-shared-array-buffer/-/is-shared-array-buffer-1.0.4.tgz. Extracting by manifest.
551 silly tarball no local data for is-set@https://registry.npmjs.org/is-set/-/is-set-2.0.3.tgz. Extracting by manifest.
552 silly tarball no local data for is-number-object@https://registry.npmjs.org/is-number-object/-/is-number-object-1.1.1.tgz. Extracting by manifest.
553 silly tarball no local data for is-regex@https://registry.npmjs.org/is-regex/-/is-regex-1.2.1.tgz. Extracting by manifest.
554 silly tarball no local data for is-negative-zero@https://registry.npmjs.org/is-negative-zero/-/is-negative-zero-2.0.3.tgz. Extracting by manifest.
555 silly tarball no local data for is-map@https://registry.npmjs.org/is-map/-/is-map-2.0.3.tgz. Extracting by manifest.
556 silly tarball no local data for is-generator-function@https://registry.npmjs.org/is-generator-function/-/is-generator-function-1.1.2.tgz. Extracting by manifest.
557 silly tarball no local data for is-finalizationregistry@https://registry.npmjs.org/is-finalizationregistry/-/is-finalizationregistry-1.1.1.tgz. Extracting by manifest.
558 silly tarball no local data for is-date-object@https://registry.npmjs.org/is-date-object/-/is-date-object-1.1.0.tgz. Extracting by manifest.
559 silly tarball no local data for is-data-view@https://registry.npmjs.org/is-data-view/-/is-data-view-1.0.2.tgz. Extracting by manifest.
560 silly tarball no local data for is-core-module@https://registry.npmjs.org/is-core-module/-/is-core-module-2.16.1.tgz. Extracting by manifest.
561 silly tarball no local data for is-callable@https://registry.npmjs.org/is-callable/-/is-callable-1.2.7.tgz. Extracting by manifest.
562 silly tarball no local data for is-bun-module@https://registry.npmjs.org/is-bun-module/-/is-bun-module-2.0.0.tgz. Extracting by manifest.
563 silly tarball no local data for is-boolean-object@https://registry.npmjs.org/is-boolean-object/-/is-boolean-object-1.2.2.tgz. Extracting by manifest.
564 silly tarball no local data for is-bigint@https://registry.npmjs.org/is-bigint/-/is-bigint-1.1.0.tgz. Extracting by manifest.
565 silly tarball no local data for is-async-function@https://registry.npmjs.org/is-async-function/-/is-async-function-2.1.1.tgz. Extracting by manifest.
566 silly tarball no local data for is-array-buffer@https://registry.npmjs.org/is-array-buffer/-/is-array-buffer-3.0.5.tgz. Extracting by manifest.
567 silly tarball no local data for internal-slot@https://registry.npmjs.org/internal-slot/-/internal-slot-1.1.0.tgz. Extracting by manifest.
568 silly tarball no local data for imurmurhash@https://registry.npmjs.org/imurmurhash/-/imurmurhash-0.1.4.tgz. Extracting by manifest.
569 silly tarball no local data for import-fresh@https://registry.npmjs.org/import-fresh/-/import-fresh-3.3.1.tgz. Extracting by manifest.
570 silly tarball no local data for ignore@https://registry.npmjs.org/ignore/-/ignore-5.3.2.tgz. Extracting by manifest.
571 silly tarball no local data for hasown@https://registry.npmjs.org/hasown/-/hasown-2.0.2.tgz. Extracting by manifest.
572 silly tarball no local data for has-proto@https://registry.npmjs.org/has-proto/-/has-proto-1.2.0.tgz. Extracting by manifest.
573 silly tarball no local data for has-property-descriptors@https://registry.npmjs.org/has-property-descriptors/-/has-property-descriptors-1.0.2.tgz. Extracting by manifest.
574 silly tarball no local data for has-flag@https://registry.npmjs.org/has-flag/-/has-flag-4.0.0.tgz. Extracting by manifest.
575 silly tarball no local data for has-bigints@https://registry.npmjs.org/has-bigints/-/has-bigints-1.1.0.tgz. Extracting by manifest.
576 silly tarball no local data for globalthis@https://registry.npmjs.org/globalthis/-/globalthis-1.0.4.tgz. Extracting by manifest.
577 silly tarball no local data for globals@https://registry.npmjs.org/globals/-/globals-14.0.0.tgz. Extracting by manifest.
578 silly tarball no local data for glob-parent@https://registry.npmjs.org/glob-parent/-/glob-parent-6.0.2.tgz. Extracting by manifest.
579 silly tarball no local data for get-symbol-description@https://registry.npmjs.org/get-symbol-description/-/get-symbol-description-1.1.0.tgz. Extracting by manifest.
580 silly tarball no local data for generator-function@https://registry.npmjs.org/generator-function/-/generator-function-2.0.1.tgz. Extracting by manifest.
581 silly tarball no local data for functions-have-names@https://registry.npmjs.org/functions-have-names/-/functions-have-names-1.2.3.tgz. Extracting by manifest.
582 silly tarball no local data for function.prototype.name@https://registry.npmjs.org/function.prototype.name/-/function.prototype.name-1.1.8.tgz. Extracting by manifest.
583 silly tarball no local data for for-each@https://registry.npmjs.org/for-each/-/for-each-0.3.5.tgz. Extracting by manifest.
584 silly tarball no local data for flatted@https://registry.npmjs.org/flatted/-/flatted-3.4.2.tgz. Extracting by manifest.
585 silly tarball no local data for flat-cache@https://registry.npmjs.org/flat-cache/-/flat-cache-4.0.1.tgz. Extracting by manifest.
586 silly tarball no local data for find-up@https://registry.npmjs.org/find-up/-/find-up-5.0.0.tgz. Extracting by manifest.
587 silly tarball no local data for file-entry-cache@https://registry.npmjs.org/file-entry-cache/-/file-entry-cache-8.0.0.tgz. Extracting by manifest.
588 silly tarball no local data for fast-json-stable-stringify@https://registry.npmjs.org/fast-json-stable-stringify/-/fast-json-stable-stringify-2.1.0.tgz. Extracting by manifest.
589 silly tarball no local data for fast-levenshtein@https://registry.npmjs.org/fast-levenshtein/-/fast-levenshtein-2.0.6.tgz. Extracting by manifest.
590 silly tarball no local data for fast-glob@https://registry.npmjs.org/fast-glob/-/fast-glob-3.3.1.tgz. Extracting by manifest.
591 silly tarball no local data for esrecurse@https://registry.npmjs.org/esrecurse/-/esrecurse-4.3.0.tgz. Extracting by manifest.
592 silly tarball no local data for esquery@https://registry.npmjs.org/esquery/-/esquery-1.7.0.tgz. Extracting by manifest.
593 silly tarball no local data for espree@https://registry.npmjs.org/espree/-/espree-10.4.0.tgz. Extracting by manifest.
594 silly tarball no local data for eslint-visitor-keys@https://registry.npmjs.org/eslint-visitor-keys/-/eslint-visitor-keys-4.2.1.tgz. Extracting by manifest.
595 silly tarball no local data for eslint-scope@https://registry.npmjs.org/eslint-scope/-/eslint-scope-8.4.0.tgz. Extracting by manifest.
596 silly tarball no local data for eslint-plugin-react-hooks@https://registry.npmjs.org/eslint-plugin-react-hooks/-/eslint-plugin-react-hooks-5.2.0.tgz. Extracting by manifest.
597 silly tarball no local data for eslint-plugin-react@https://registry.npmjs.org/eslint-plugin-react/-/eslint-plugin-react-7.37.5.tgz. Extracting by manifest.
598 silly tarball no local data for eslint-plugin-jsx-a11y@https://registry.npmjs.org/eslint-plugin-jsx-a11y/-/eslint-plugin-jsx-a11y-6.10.2.tgz. Extracting by manifest.
599 silly tarball no local data for eslint-plugin-import@https://registry.npmjs.org/eslint-plugin-import/-/eslint-plugin-import-2.32.0.tgz. Extracting by manifest.
600 silly tarball no local data for eslint-module-utils@https://registry.npmjs.org/eslint-module-utils/-/eslint-module-utils-2.12.1.tgz. Extracting by manifest.
601 silly tarball no local data for eslint-import-resolver-typescript@https://registry.npmjs.org/eslint-import-resolver-typescript/-/eslint-import-resolver-typescript-3.10.1.tgz. Extracting by manifest.
602 silly tarball no local data for eslint-import-resolver-node@https://registry.npmjs.org/eslint-import-resolver-node/-/eslint-import-resolver-node-0.3.10.tgz. Extracting by manifest.
603 silly tarball no local data for eslint-config-next@https://registry.npmjs.org/eslint-config-next/-/eslint-config-next-15.5.15.tgz. Extracting by manifest.
604 silly tarball no local data for eslint@https://registry.npmjs.org/eslint/-/eslint-9.39.4.tgz. Extracting by manifest.
605 silly tarball no local data for escape-string-regexp@https://registry.npmjs.org/escape-string-regexp/-/escape-string-regexp-4.0.0.tgz. Extracting by manifest.
606 silly tarball no local data for es-to-primitive@https://registry.npmjs.org/es-to-primitive/-/es-to-primitive-1.3.0.tgz. Extracting by manifest.
607 silly tarball no local data for es-shim-unscopables@https://registry.npmjs.org/es-shim-unscopables/-/es-shim-unscopables-1.1.0.tgz. Extracting by manifest.
608 silly tarball no local data for es-iterator-helpers@https://registry.npmjs.org/es-iterator-helpers/-/es-iterator-helpers-1.3.2.tgz. Extracting by manifest.
609 silly tarball no local data for emoji-regex@https://registry.npmjs.org/emoji-regex/-/emoji-regex-9.2.2.tgz. Extracting by manifest.
610 silly tarball no local data for es-abstract@https://registry.npmjs.org/es-abstract/-/es-abstract-1.24.2.tgz. Extracting by manifest.
611 silly tarball no local data for doctrine@https://registry.npmjs.org/doctrine/-/doctrine-2.1.0.tgz. Extracting by manifest.
612 silly tarball no local data for define-properties@https://registry.npmjs.org/define-properties/-/define-properties-1.2.1.tgz. Extracting by manifest.
613 silly tarball no local data for define-data-property@https://registry.npmjs.org/define-data-property/-/define-data-property-1.1.4.tgz. Extracting by manifest.
614 silly tarball no local data for deep-is@https://registry.npmjs.org/deep-is/-/deep-is-0.1.4.tgz. Extracting by manifest.
615 silly tarball no local data for data-view-byte-length@https://registry.npmjs.org/data-view-byte-length/-/data-view-byte-length-1.0.2.tgz. Extracting by manifest.
616 silly tarball no local data for data-view-byte-offset@https://registry.npmjs.org/data-view-byte-offset/-/data-view-byte-offset-1.0.1.tgz. Extracting by manifest.
617 silly tarball no local data for data-view-buffer@https://registry.npmjs.org/data-view-buffer/-/data-view-buffer-1.0.2.tgz. Extracting by manifest.
618 silly tarball no local data for damerau-levenshtein@https://registry.npmjs.org/damerau-levenshtein/-/damerau-levenshtein-1.0.8.tgz. Extracting by manifest.
619 silly tarball no local data for csstype@https://registry.npmjs.org/csstype/-/csstype-3.2.3.tgz. Extracting by manifest.
620 silly tarball no local data for color-name@https://registry.npmjs.org/color-name/-/color-name-1.1.4.tgz. Extracting by manifest.
621 silly tarball no local data for color-convert@https://registry.npmjs.org/color-convert/-/color-convert-2.0.1.tgz. Extracting by manifest.
622 silly tarball no local data for client-only@https://registry.npmjs.org/client-only/-/client-only-0.0.1.tgz. Extracting by manifest.
623 silly tarball no local data for chalk@https://registry.npmjs.org/chalk/-/chalk-4.1.2.tgz. Extracting by manifest.
624 silly tarball no local data for caniuse-lite@https://registry.npmjs.org/caniuse-lite/-/caniuse-lite-1.0.30001788.tgz. Extracting by manifest.
625 silly tarball no local data for callsites@https://registry.npmjs.org/callsites/-/callsites-3.1.0.tgz. Extracting by manifest.
626 silly tarball no local data for call-bound@https://registry.npmjs.org/call-bound/-/call-bound-1.0.4.tgz. Extracting by manifest.
627 silly tarball no local data for call-bind@https://registry.npmjs.org/call-bind/-/call-bind-1.0.9.tgz. Extracting by manifest.
628 silly tarball no local data for axobject-query@https://registry.npmjs.org/axobject-query/-/axobject-query-4.1.0.tgz. Extracting by manifest.
629 silly tarball no local data for axe-core@https://registry.npmjs.org/axe-core/-/axe-core-4.11.3.tgz. Extracting by manifest.
630 silly tarball no local data for available-typed-arrays@https://registry.npmjs.org/available-typed-arrays/-/available-typed-arrays-1.0.7.tgz. Extracting by manifest.
631 silly tarball no local data for async-function@https://registry.npmjs.org/async-function/-/async-function-1.0.0.tgz. Extracting by manifest.
632 silly tarball no local data for ast-types-flow@https://registry.npmjs.org/ast-types-flow/-/ast-types-flow-0.0.8.tgz. Extracting by manifest.
633 silly tarball no local data for array.prototype.tosorted@https://registry.npmjs.org/array.prototype.tosorted/-/array.prototype.tosorted-1.1.4.tgz. Extracting by manifest.
634 silly tarball no local data for arraybuffer.prototype.slice@https://registry.npmjs.org/arraybuffer.prototype.slice/-/arraybuffer.prototype.slice-1.0.4.tgz. Extracting by manifest.
635 silly tarball no local data for array.prototype.flatmap@https://registry.npmjs.org/array.prototype.flatmap/-/array.prototype.flatmap-1.3.3.tgz. Extracting by manifest.
636 silly tarball no local data for array.prototype.flat@https://registry.npmjs.org/array.prototype.flat/-/array.prototype.flat-1.3.3.tgz. Extracting by manifest.
637 silly tarball no local data for array.prototype.findlastindex@https://registry.npmjs.org/array.prototype.findlastindex/-/array.prototype.findlastindex-1.2.6.tgz. Extracting by manifest.
638 silly tarball no local data for array.prototype.findlast@https://registry.npmjs.org/array.prototype.findlast/-/array.prototype.findlast-1.2.5.tgz. Extracting by manifest.
639 silly tarball no local data for array-includes@https://registry.npmjs.org/array-includes/-/array-includes-3.1.9.tgz. Extracting by manifest.
640 silly tarball no local data for array-buffer-byte-length@https://registry.npmjs.org/array-buffer-byte-length/-/array-buffer-byte-length-1.0.2.tgz. Extracting by manifest.
641 silly tarball no local data for aria-query@https://registry.npmjs.org/aria-query/-/aria-query-5.3.2.tgz. Extracting by manifest.
642 silly tarball no local data for ansi-styles@https://registry.npmjs.org/ansi-styles/-/ansi-styles-4.3.0.tgz. Extracting by manifest.
643 silly tarball no local data for ajv@https://registry.npmjs.org/ajv/-/ajv-6.14.0.tgz. Extracting by manifest.
644 silly tarball no local data for acorn-jsx@https://registry.npmjs.org/acorn-jsx/-/acorn-jsx-5.3.2.tgz. Extracting by manifest.
645 silly tarball no local data for eslint-visitor-keys@https://registry.npmjs.org/eslint-visitor-keys/-/eslint-visitor-keys-5.0.1.tgz. Extracting by manifest.
646 silly tarball no local data for ignore@https://registry.npmjs.org/ignore/-/ignore-7.0.5.tgz. Extracting by manifest.
647 silly tarball no local data for eslint-visitor-keys@https://registry.npmjs.org/eslint-visitor-keys/-/eslint-visitor-keys-3.4.3.tgz. Extracting by manifest.
648 silly tarball no local data for fdir@https://registry.npmjs.org/fdir/-/fdir-6.5.0.tgz. Extracting by manifest.
649 silly tarball no local data for semver@https://registry.npmjs.org/semver/-/semver-6.3.1.tgz. Extracting by manifest.
650 silly tarball no local data for semver@https://registry.npmjs.org/semver/-/semver-6.3.1.tgz. Extracting by manifest.
651 silly tarball no local data for semver@https://registry.npmjs.org/semver/-/semver-6.3.1.tgz. Extracting by manifest.
652 silly tarball no local data for debug@https://registry.npmjs.org/debug/-/debug-3.2.7.tgz. Extracting by manifest.
653 silly tarball no local data for debug@https://registry.npmjs.org/debug/-/debug-3.2.7.tgz. Extracting by manifest.
654 silly tarball no local data for debug@https://registry.npmjs.org/debug/-/debug-3.2.7.tgz. Extracting by manifest.
655 http fetch GET https://registry.npmjs.org/which/-/which-2.0.2.tgz attempt 1 failed with EACCES
656 http fetch GET https://registry.npmjs.org/typescript/-/typescript-5.9.3.tgz attempt 1 failed with EACCES
657 http fetch GET https://registry.npmjs.org/js-yaml/-/js-yaml-4.1.1.tgz attempt 1 failed with EACCES
658 http fetch GET https://registry.npmjs.org/acorn/-/acorn-8.16.0.tgz attempt 1 failed with EACCES
659 http fetch GET https://registry.npmjs.org/@unrs/resolver-binding-win32-x64-msvc/-/resolver-binding-win32-x64-msvc-1.11.1.tgz attempt 1 failed with EACCES
660 http fetch GET https://registry.npmjs.org/@typescript-eslint/visitor-keys/-/visitor-keys-8.58.2.tgz attempt 1 failed with EACCES
661 http fetch GET https://registry.npmjs.org/@typescript-eslint/typescript-estree/-/typescript-estree-8.58.2.tgz attempt 1 failed with EACCES
662 http fetch GET https://registry.npmjs.org/@typescript-eslint/utils/-/utils-8.58.2.tgz attempt 1 failed with EACCES
663 http fetch GET https://registry.npmjs.org/@typescript-eslint/types/-/types-8.58.2.tgz attempt 1 failed with EACCES
664 http fetch GET https://registry.npmjs.org/@typescript-eslint/type-utils/-/type-utils-8.58.2.tgz attempt 1 failed with EACCES
665 http fetch GET https://registry.npmjs.org/@typescript-eslint/tsconfig-utils/-/tsconfig-utils-8.58.2.tgz attempt 1 failed with EACCES
666 http fetch GET https://registry.npmjs.org/@typescript-eslint/scope-manager/-/scope-manager-8.58.2.tgz attempt 1 failed with EACCES
667 http fetch GET https://registry.npmjs.org/@typescript-eslint/project-service/-/project-service-8.58.2.tgz attempt 1 failed with EACCES
668 http fetch GET https://registry.npmjs.org/@typescript-eslint/parser/-/parser-8.58.2.tgz attempt 1 failed with EACCES
669 http fetch GET https://registry.npmjs.org/@typescript-eslint/eslint-plugin/-/eslint-plugin-8.58.2.tgz attempt 1 failed with EACCES
670 http fetch GET https://registry.npmjs.org/npm attempt 2 failed with EACCES
671 http fetch GET https://registry.npmjs.org/which/-/which-2.0.2.tgz attempt 2 failed with EACCES
672 http fetch GET https://registry.npmjs.org/typescript/-/typescript-5.9.3.tgz attempt 2 failed with EACCES
673 http fetch GET https://registry.npmjs.org/js-yaml/-/js-yaml-4.1.1.tgz attempt 2 failed with EACCES
674 http fetch GET https://registry.npmjs.org/acorn/-/acorn-8.16.0.tgz attempt 2 failed with EACCES
675 http fetch GET https://registry.npmjs.org/@unrs/resolver-binding-win32-x64-msvc/-/resolver-binding-win32-x64-msvc-1.11.1.tgz attempt 2 failed with EACCES
676 http fetch GET https://registry.npmjs.org/@typescript-eslint/visitor-keys/-/visitor-keys-8.58.2.tgz attempt 2 failed with EACCES
677 http fetch GET https://registry.npmjs.org/@typescript-eslint/typescript-estree/-/typescript-estree-8.58.2.tgz attempt 2 failed with EACCES
678 http fetch GET https://registry.npmjs.org/@typescript-eslint/utils/-/utils-8.58.2.tgz attempt 2 failed with EACCES
679 http fetch GET https://registry.npmjs.org/@typescript-eslint/types/-/types-8.58.2.tgz attempt 2 failed with EACCES
680 http fetch GET https://registry.npmjs.org/@typescript-eslint/type-utils/-/type-utils-8.58.2.tgz attempt 2 failed with EACCES
681 http fetch GET https://registry.npmjs.org/@typescript-eslint/tsconfig-utils/-/tsconfig-utils-8.58.2.tgz attempt 2 failed with EACCES
682 http fetch GET https://registry.npmjs.org/@typescript-eslint/scope-manager/-/scope-manager-8.58.2.tgz attempt 2 failed with EACCES
683 http fetch GET https://registry.npmjs.org/@typescript-eslint/project-service/-/project-service-8.58.2.tgz attempt 2 failed with EACCES
684 http fetch GET https://registry.npmjs.org/@typescript-eslint/parser/-/parser-8.58.2.tgz attempt 2 failed with EACCES
685 http fetch GET https://registry.npmjs.org/@typescript-eslint/eslint-plugin/-/eslint-plugin-8.58.2.tgz attempt 2 failed with EACCES
686 http fetch GET https://registry.npmjs.org/npm attempt 3 failed with EACCES
687 http fetch GET https://registry.npmjs.org/which/-/which-2.0.2.tgz attempt 3 failed with EACCES
688 http fetch GET https://registry.npmjs.org/typescript/-/typescript-5.9.3.tgz attempt 3 failed with EACCES
689 http fetch GET https://registry.npmjs.org/js-yaml/-/js-yaml-4.1.1.tgz attempt 3 failed with EACCES
690 http fetch GET https://registry.npmjs.org/acorn/-/acorn-8.16.0.tgz attempt 3 failed with EACCES
691 http fetch GET https://registry.npmjs.org/@unrs/resolver-binding-win32-x64-msvc/-/resolver-binding-win32-x64-msvc-1.11.1.tgz attempt 3 failed with EACCES
692 verbose reify failed optional dependency C:\Users\SecurityManager\Desktop\tstplotconnect\frontend-user\node_modules\@unrs\resolver-binding-win32-x64-msvc
693 silly reify mark deleted [
693 silly reify   'C:\\Users\\SecurityManager\\Desktop\\tstplotconnect\\frontend-user\\node_modules\\@unrs\\resolver-binding-win32-x64-msvc'
693 silly reify ]
694 http fetch GET https://registry.npmjs.org/@typescript-eslint/visitor-keys/-/visitor-keys-8.58.2.tgz attempt 3 failed with EACCES
695 http fetch GET https://registry.npmjs.org/@typescript-eslint/typescript-estree/-/typescript-estree-8.58.2.tgz attempt 3 failed with EACCES
696 http fetch GET https://registry.npmjs.org/@typescript-eslint/utils/-/utils-8.58.2.tgz attempt 3 failed with EACCES
697 http fetch GET https://registry.npmjs.org/@typescript-eslint/types/-/types-8.58.2.tgz attempt 3 failed with EACCES
698 http fetch GET https://registry.npmjs.org/@typescript-eslint/type-utils/-/type-utils-8.58.2.tgz attempt 3 failed with EACCES
699 http fetch GET https://registry.npmjs.org/@typescript-eslint/tsconfig-utils/-/tsconfig-utils-8.58.2.tgz attempt 3 failed with EACCES
700 http fetch GET https://registry.npmjs.org/@typescript-eslint/scope-manager/-/scope-manager-8.58.2.tgz attempt 3 failed with EACCES
701 http fetch GET https://registry.npmjs.org/@typescript-eslint/project-service/-/project-service-8.58.2.tgz attempt 3 failed with EACCES
702 http fetch GET https://registry.npmjs.org/@typescript-eslint/parser/-/parser-8.58.2.tgz attempt 3 failed with EACCES
703 http fetch GET https://registry.npmjs.org/@typescript-eslint/eslint-plugin/-/eslint-plugin-8.58.2.tgz attempt 3 failed with EACCES
704 verbose cwd C:\Users\SecurityManager\Desktop\tstplotconnect\frontend-user
705 verbose os Windows_NT 10.0.18363
706 verbose node v20.20.0
707 verbose npm  v10.8.2
708 error Exit handler never called!
709 error This is an error with npm itself. Please report this error at:
710 error   <https://github.com/npm/cli/issues>
711 verbose exit 0
712 info ok
713 error A complete log of this run can be found in: C:\Users\SecurityManager\Desktop\tstplotconnect\frontend-user\.npm-cache\_logs\2026-05-07T09_24_57_880Z-debug-0.log
